mite_acc,reaction,enzyme_name,enzyme_description,tailoring,id_uniprot,id_genpept
MITE0000132,CC(=O)O[C@@H](C(=O)/C=C(\C)CCC=C(C)C)[C@@H](C)[C@@]1(C)CCC2=C1[C@@H](O)C[C@H]1C(C)(C)[C@@H](O)CC[C@]21C>>CC(=O)O[C@H]1CC[C@]2(C)C3=C([C@@H](O)C[C@H]2C1(C)C)[C@@](C)([C@H](C)[C@@H](OC(C)=O)C(=O)C=C(C)CCC=C(C)C)CC3,THAA2,Acetyltransferase,Acetylation,D7MUV7,EFH40094.1
MITE0000122,N[C@@H](CCCNO)C(=O)O>>CC(=O)N(O)CCC[C@H](N)C(=O)O,AbmA,Acetyltransferase,Acetylation,I1ZAY8,AFJ20767.1
MITE0000145,N=C(N)NCCC[C@@H]1NC(=O)[C@H](Cc2onc3ccccc23)NC1=O>>CC(=O)/N=C(\N)NCCC[C@@H]1NC(=O)[C@H](Cc2onc3ccccc23)NC1=O,AvaD,GNAT family N-acetyltransferase,Acetylation,P9WEK5,UZP48216.1
MITE0000177,C=C[C@]1(C)C[C@@H](O)[C@]2(C)[C@H](C)CC[C@]3(CCC(=O)[C@H]32)[C@@H](C)[C@@H]1O>>C=C[C@]1(C)C[C@@H](OC(C)=O)[C@]2(C)[C@H](C)CC[C@]3(CCC(=O)[C@H]32)[C@@H](C)[C@@H]1O,Ple2,Acetyltransferase,Acetylation,A0A6S6QLX9,BCI98770.1
MITE0000136,CC(C)=CCC/C(C)=C/C(=O)[C@H](O)[C@@H](C)[C@@]1(C)CCC2=C1[C@@H](O)C[C@H]1C(C)(C)[C@@H](O)CC[C@]21C>>CC(=O)O[C@@H](C(=O)C=C(C)CCC=C(C)C)[C@@H](C)[C@@]1(C)CCC2=C1[C@@H](O)C[C@H]1C(C)(C)[C@@H](O)CC[C@]21C,THAA1,Acyltransferase subfamily IIIa Arabidopsis lyrata ssp lyrata,Acetylation,UPI000A29E8C9,
MITE0000123,C[C@H](O)CC(=O)c1c(C[C@@H](C)O)cc2cccc(O)c2c1O>>CC(=O)O[C@H](C)Cc1cc2cccc(O)c2c(O)c1C(=O)C[C@H](C)O,JuiM,Acetyltransferase,Acetylation,A0A7G8Z071,QNL10606.1
MITE0000131,O=C(O)c1cc2c([nH]c3cc(Cl)ccc32)s1>>NOC(=O)c1cc2c([nH]c3cc(Cl)ccc32)s1,ThnA,amidotransferase,Amination,A0A142I749,AMR44301.1
MITE0000189,C[C@@H]1C[C@H](C)C[C@H](C)[C@@H](O)CC(=O)O[C@@H](C2CCC[C@@H]2C(=O)O)CC=CC=C(C=O)[C@H](O)[C@@H](C)C1>>C[C@@H]1C[C@H](C)C[C@H](C)[C@@H](O)CC(=O)O[C@@H](C2CCC[C@@H]2C(=O)O)CC=CC=C(CN)[C@H](O)[C@@H](C)C1,BorJ,Aminotransferase,Amination,Q70HZ5,CAE45674.1
MITE0000100,O=C[C@H]1O[C@@H](c2c[nH]c(=O)[nH]c2=O)[C@H](O)[C@@H]1O>>NC[C@H]1O[C@@H](c2c[nH]c(=O)[nH]c2=O)[C@H](O)[C@@H]1O,PumG,Aminotransferase,Amination,A0A2R4FXY6,AVT42376.1
MITE0000172,CC[C@@H](C)[C@@H](NC(=O)[C@@H](Cc1ccc(O)cc1)NC(=O)[C@H](N)Cc1c[nH]c2ccccc12)C(=O)N[C@H](Cc1c[nH]c2ccccc12)C(=O)N[C@H](Cc1ccc(O)cc1)C(=O)O>>CCC(C)[C@@H]1NC(=O)[C@@H]2Cc3ccc(O)c(c3)-n3cc(c4cc(ccc43)[C@@]34C[C@H]5C(=O)N[C@H](C(=O)O)Cc6ccc(cc6)Oc6cccc3c6N[C@@H]4N5C1=O)C[C@H](N)C(=O)N2,LauB1,Cytochrome P450,Biaryl bond formation,A0A160P4S3,BAU86124.1
MITE0000149,CC(C)C[C@H](NC(=O)[C@H](C)N)C(=O)N[C@@H](C)C(=O)NCC(=O)N[C@@H](C)C(=O)N[C@@H](Cc1ccc(O)cc1)C(=O)N1CCC[C@H]1C(=O)N[C@@H](Cc1c[nH]c2ccccc12)C(=O)N[C@@H](Cc1cnc[nH]1)C(=O)O>>CC(C)C[C@H](NC(=O)[C@H](C)N)C(=O)N[C@@H](C)C(=O)NCC(=O)N[C@@H](C)C(=O)N[C@H]1Cc2ccc(O)c(c2)-c2ccc3[nH]cc(c3c2)C[C@@H](C(=O)N[C@@H](Cc2cnc[nH]2)C(=O)O)NC(=O)[C@@H]2CCCN2C1=O,MciB,P450 installing crosslink,Biaryl bond formation,A0A1C6TS88,SCL44650.1
MITE0000152,CC[C@H](C)[C@H](NC(=O)[C@H](CCCNC(=N)N)NC(=O)[C@H](Cc1c[nH]c2ccccc12)NC(=O)[C@H](C)NC(=O)[C@@H](N)CCC(N)=O)C(=O)N[C@@H](Cc1c[nH]c2ccccc12)C(=O)O>>CC[C@H](C)[C@@H]1NC(=O)[C@H](CCCNC(=N)N)NC(=O)[C@@H](NC(=O)[C@H](C)NC(=O)[C@@H](N)CCC(N)=O)Cc2c[nH]c3c(cccc23)-n2cc(c3ccccc32)C[C@@H](C(=O)O)NC1=O,ScnB,Cytochrome P450,Biaryl bond formation,A0A0F7N5T9,AKH82808.1
MITE0000175,CSCCC(N)C(=O)NC(CCCNC(=N)N)C(=O)NC(Cc1ccc(O)cc1)C(=O)NC(Cc1ccc(O)cc1)C(=O)NC(Cc1cnc[nH]1)C(=O)O>>CSCCC(N)C(=O)NC(CCCNC(=N)N)C(=O)NC1Cc2ccc(O)c(c2)-c2ncc([nH]2)CC(C(=O)O)NC(=O)C(Cc2ccc(O)cc2)NC1=O,BytO,cytochrome P450,Biaryl bond formation,A0A891LWT6,QRM13814.1
MITE0000173,CC[C@H](C)[C@H](NC(=O)[C@H](Cc1ccccc1)NC(=O)[C@@H](N)Cc1c[nH]c2ccccc12)C(=O)N[C@@H](Cc1c[nH]c2ccccc12)C(=O)O>>CC[C@H](C)[C@@H]1NC(=O)[C@H](Cc2ccccc2)NC(=O)[C@@H](N)Cc2c[nH]c3c(cccc23)-n2cc(c3ccccc32)C[C@@H](C(=O)O)NC1=O,embB,Cytochrome P450 installing crosslink,Biaryl bond formation,,MYS84939.1
MITE0000150,O=c1c(-c2ccc(O)cc2)coc2cc(O)ccc12>>O=c1c(-c2ccc(O)c(-c3c(O)ccc4c(=O)c(-c5ccc(O)cc5)coc34)c2)coc2cc(O)ccc12,CYP158C1,Cytochrome P450,Biaryl bond formation,F8K0I8,AEW97391.1
MITE0000125,CC(=O)O[C@H](C)Cc1cc2cccc(O)c2c(O)c1C(=O)C[C@H](C)O.CC(=O)O[C@H](C)Cc1cc2cccc(O)c2c(O)c1C(=O)C[C@H](C)O>>CC(=O)O[C@H](C)Cc1cc2ccc(-c3ccc4cc(C[C@@H](C)OC(C)=O)c(C(=O)C[C@H](C)O)c(O)c4c3O)c(O)c2c(O)c1C(=O)C[C@H](C)O,JuiL,Cytochrome P450,Biaryl bond formation,A0A7G8Z073,QNL10608.1
MITE0000153,CSCC[C@H](N)C(=O)N[C@@H](CCCNC(=N)N)C(=O)N[C@@H](Cc1c[nH]cn1)C(=O)N[C@@H](C)C(=O)N[C@@H](Cc1c[nH]cn1)C(=O)O>>CSCC[C@H](N)C(=O)N[C@@H](CCCNC(=N)N)C(=O)N[C@H]1Cc2c[nH]c(n2)-c2nc(c[nH]2)C[C@@H](C(=O)O)NC(=O)[C@H](C)NC1=O,SgrB,Cytochrome P450,Biaryl bond formation,UPI00068C79B2,
MITE0000174,CSCCC(N)C(=O)NC(CCCNC(=N)N)C(=O)NC(Cc1ccc(O)cc1)C(=O)NC(Cc1ccccc1)C(=O)NC(Cc1cnc[nH]1)C(=O)O>>CSCCC(N)C(=O)NC(CCCNC(=N)N)C(=O)NC1Cc2ccc(O)c(c2)-c2ncc([nH]2)CC(C(=O)O)NC(=O)C(Cc2ccccc2)NC1=O,BytO,cytochrome P450,Biaryl bond formation,A0A891LYB2,QRM13816.1
MITE0000194,CC(=O)OC[C@]12Oc3cccc(O)c3C(=O)C1=C(O)C[C@@H](C)[C@H]2OC(C)=O>>CC(=O)OC[C@]12Oc3c(-c4ccc(O)c5c4O[C@@]4(COC(C)=O)C(=C(O)C[C@@H](C)[C@H]4OC(C)=O)C5=O)ccc(O)c3C(=O)C1=C(O)C[C@@H](C)[C@H]2OC(C)=O,PhoO,Cytochrome P450,Biaryl bond formation,UPI0020472753,UPG58744.1
MITE0000027,CC(C)C[C@@H](N)C(=O)N[C@H]1C(=O)N[C@@H](CC(N)=O)C(=O)N[C@H]2C(=O)N[C@H](c3ccc(O)cc3)C(=O)N[C@H](C(=O)N[C@H](C(=O)O)c3cc(O)cc(O)c3)[C@H](O)c3ccc(c(Cl)c3)Oc3cc2cc(c3O)Oc2ccc(cc2Cl)[C@H]1O>>CC(C)C[C@@H](N)C(=O)N[C@H]1C(=O)N[C@@H](CC(N)=O)C(=O)N[C@H]2C(=O)N[C@H]3C(=O)N[C@H](C(=O)N[C@H](C(=O)O)c4cc(O)cc(O)c4-c4cc3ccc4O)[C@H](O)c3ccc(c(Cl)c3)Oc3cc2cc(c3O)Oc2ccc(cc2Cl)[C@H]1O,OxyC,Cytochrome P450 monooxygenase,Cyclization,F8STX8,AEI58870.1
MITE0000053,CSCC[C@H](NC(=O)[C@@H]1CSC([C@H](CC(=O)O)NC(=O)[C@H](Cc2ccccc2)NC(=O)[C@@H](NC(=O)[C@@H](NC(=O)[C@@H](NC(=O)[C@@H]2CCCN2C(=O)CN)C(C)C)C(C)C)C(C)C)=N1)C(=O)N[C@H](C(=O)N[C@@H](C)C(=O)N[C@@H](CC(=O)O)C(=O)N[C@@H](Cc1ccccc1)C(=O)N[C@@H](CC(C)C)C(=O)N[C@@H](CC(N)=O)C(=O)N[C@@H](CC(=O)O)C(=O)N[C@@H](CC(=O)O)C(=O)N1CCC[C@H]1C(=O)N[C@@H](CC(N)=O)C(=O)N[C@@H](CC(N)=O)C(=O)N[C@@H](C)C(=O)N[C@@H](CCC(=O)O)C(=O)N[C@@H](CC(C)C)C(=O)N[C@@H](CO)C(=O)N[C@@H](C)C(=O)N[C@@H](CC(C)C)C(=O)N[C@@H](CCC(=O)O)C(=O)N[C@@H](CCSC)C(=O)N[C@@H](CCC(=O)O)C(=O)N[C@@H](CCC(=O)O)C(=O)N[C@@H](CC(C)C)C(=O)N[C@@H](CCC(=O)O)C(=O)N[C@@H](CO)C(=O)N[C@@H](Cc1c[nH]c2ccccc12)C(=O)NCC(=O)N[C@@H](C)C(=O)N[C@@H](Cc1c[nH]c2ccccc12)C(=O)N[C@@H](CC(=O)O)C(=O)NCC(=O)N[C@@H](CCC(=O)O)C(=O)N[C@@H](C)C(=O)N[C@H](C(=O)N[C@@H](CO)C(=O)O)[C@@H](C)O)[C@@H](C)O>>CSCC[C@H](NC(=O)[C@@H]1CSC([C@H](CC(=O)O)NC(=O)[C@H](Cc2ccccc2)NC(=O)[C@@H](/N=C2\NCC(=O)N3CCC[C@H]3C(=O)N[C@@H](C(C)C)C(=O)N[C@H]2C(C)C)C(C)C)=N1)C(=O)N[C@H](C(=O)N[C@@H](C)C(=O)N[C@@H](CC(=O)O)C(=O)N[C@@H](Cc1ccccc1)C(=O)N[C@@H](CC(C)C)C(=O)N[C@@H](CC(N)=O)C(=O)N[C@@H](CC(=O)O)C(=O)N[C@@H](CC(=O)O)C(=O)N1CCC[C@H]1C(=O)N[C@@H](CC(N)=O)C(=O)N[C@@H](CC(N)=O)C(=O)N[C@@H](C)C(=O)N[C@@H](CCC(=O)O)C(=O)N[C@@H](CC(C)C)C(=O)N[C@@H](CO)C(=O)N[C@@H](C)C(=O)N[C@@H](CC(C)C)C(=O)N[C@@H](CCC(=O)O)C(=O)N[C@@H](CCSC)C(=O)N[C@@H](CCC(=O)O)C(=O)N[C@@H](CCC(=O)O)C(=O)N[C@@H](CC(C)C)C(=O)N[C@@H](CCC(=O)O)C(=O)N[C@@H](CO)C(=O)N[C@@H](Cc1c[nH]c2ccccc12)C(=O)NCC(=O)N[C@@H](C)C(=O)N[C@@H](Cc1c[nH]c2ccccc12)C(=O)N[C@@H](CC(=O)O)C(=O)NCC(=O)N[C@@H](CCC(=O)O)C(=O)N[C@@H](C)C(=O)N[C@H](C(=O)N[C@@H](CO)C(=O)O)[C@@H](C)O)[C@@H](C)O,BotCD,Macroamidine linkage-catalyzing YacO protein from Streptomyces sp. BC16019,Cyclization,K4MHF8,AFV25483.1
MITE0000090,CC(C)=CCC/C(C)=C\CC/C(C)=C\CC/C(C)=C\COP(=O)([O-])OP(=O)([O-])[O-]>>CC(C)=CCC/C(C)=C\CCC1(C)C2CC3C(C2)C31C,TPS21,Terpene cyclase,Cyclization,R9R6P6,AGK82800.1
MITE0000134,CC(C)=CCC/C(C)=C/CC/C(C)=C/CC/C=C(\C)CC/C=C(\C)CCC1OC1(C)C>>CC(C)=CCCC(C)=CCCC(C)C1(C)CCC2=C1CCC1C2(C)CCC(O)C1(C)C,THAS,Oxidosqualene cyclase,Cyclization,UPI000A29AD50,CAH8278777.1
MITE0000106,CC(C)=CCCC(C)=CCC/C(C)=C/CCC(C)=CCc1cc(C(=O)O)cc(O)c1O>>CC1(C)CCC[C@@]2(C)[C@@H]3CC[C@@]4(C)c5c(C(=O)O)cc(O)c(O)c5C[C@@H]4[C@@]3(C)CC[C@H]12,MstE,terpene cyclase,Cyclization,A0A2D1CM82,ATN39899.1
MITE0000170,Cc1cc(O)c(C)c(O)c1C(=O)Oc1cc(C)c(C(=O)O)c(O)c1C>>Cc1cc(O)c(C)c2c1C(=O)Oc1c(C)c(O)c(C(=O)O)c(C)c1O2,ProsK,Cytochrome P450,Cyclization,,WPM83319.1
MITE0000113,CC[C@H]1OC(=O)CC/C=C/C=C/C[C@H](O)[C@H](C)[C@@H](O)/C=C/C(C)=C/[C@H]1C>>CC[C@H]1OC(=O)CCC2C=CC3C[C@H](O)[C@H](C)[C@H](O)C3C2/C(C)=C/[C@H]1C,NgnD,Nuclear transport factor 2 family protein,Cyclization,A0A3S7PZF0,AXG22404.1
MITE0000095,COC1=CC(C)=C2C(Nc3ccc(O)c4c3C(=O)c3ccccc3C4=O)C#CC=CC#CC1C2C=O>>COC1=CC(C)=C2C3C#CC=CC#CC1C2(C=O)C1CC(=O)c2c(c(O)c4ccccc4c2O)C1=N3,TnmK1,Hydrolase.,Cyclization,A0A125SA14,AME18010.1
MITE0000129,NC(Cc1c[nH]c2cc(Cl)ccc12)C(=O)O>>O=C(O)C(=O)Cc1c[nH]c2cc(Cl)ccc12,ThnJ,Aminotransferase,Deamination,A0A142I758,AMR44310.1
MITE0000163,CC1(O)Cc2cc3cc(O)cc(O)c3c(O)c2C(=O)C1C(=O)[O-]>>CC1(O)CC(=O)c2c(cc3cc(O)cc(O)c3c2O)C1,PhoH,Decarboxylase,Decarboxylation,UPI0020648AC1,UPG58737.1
MITE0000191,Cc1cccc(O)c1C(=O)O>>Cc1cccc(O)c1,PatG,Decarboxylase,Decarboxylation,A0A075TXZ1,AIG62133.1
MITE0000171,Cc1cc(O)c(C)c2c1C(=O)Oc1c(C)c(O)c(C(=O)O)c(C)c1O2>>Cc1cc(O)c(C)c2c1Oc1c(C)c(O)cc(C)c1C(=O)O2,ProsB,Decarboxylase,Decarboxylation,,WPM83321.1
MITE0000116,O=C1OC(CO)C=C1/C=C/c1ccc(O)cc1>>C=C1C=C(/C=C/c2ccc(O)cc2)C(=O)O1,StoC,NADH:flavin oxidoreductase,Dehydration,,TMU80020.1
MITE0000159,Cc1cc(O)c2c(O)c3c(c(O)c2c1)C[C@H](O)CC3=O>>Cc1cc(O)c2c(c1)C(=O)c1cccc(O)c1C2=O,PhoD,Dehydratase,Dehydration,UPI002070062C,UPG58733.1
MITE0000193,CC(C)CC1NC(=O)C(Cc2ccccc2)NC1=O>>CC(C)C=c1[nH]c(=O)c(=Cc2ccccc2)[nH]c1=O,AlbA,Albonoursin synthase/cyclic dipeptide oxidase,Dehydrogenation,Q8GED9,AAN07907.1
MITE0000072,CC(C)(COP(=O)(O)OP(=O)(O)OCC1OC(n2cnc3c(N)ncnc32)C(O)C1OP(=O)(O)O)C(O)C(=O)NCCC(=O)NCCSC(=O)C1=C(O)CC=CC=C1>>O=C(O)[C@@]12O[C@@H]1C=CC=CC2=O,TdaE,Flavoprotein dioxygenase,Dioxygenation,UPI0001633292,AFO93376.1
MITE0000096,COC1=CC(C)=C2C3C#CC=CC#CC1C2(C=O)C1CC(=O)c2c(c(O)c4ccccc4c2O)C1=N3>>COC1=CC(C)=C2C3C#CC=CC#CC1C2c1cc(O)c2c(c1N3)C(=O)c1ccccc1C2=O,TnmJ,Cofactorless oxygenase,Dioxygenation,A0A125SA13,AME18009.1
MITE0000158,Cc1cc(O)c2c(c1)C(O)c1cccc(O)c1C2=O>>Cc1cc(O)c(C(=O)c2c(O)cccc2O)c(C(=O)O)c1,PhoJ,Dioxygenase,Dioxygenation,UPI00204975FE,UPG58739.1
MITE0000094,COC1=CC(C)=C2C3C#CC=CC#CC1C2c1cc(O)c2c(c1N3)C(=O)c1ccccc1C2=O>>COC(=O)C=C(C)C12OC13c1cc(O)c4c(c1NC2C#CC=CC#CC3O)C(=O)c1ccccc1C4=O,TnmK2,Iterative cofactorless dioxygenase,Dioxygenation,A0A125SA15,AME18011.1
MITE0000051,CC(C)[C@@H]1NC(=O)[C@@H]2[C@H](C)CCN2C(=O)CN/C(=N\[C@H](C(=O)N[C@H](C(=O)N[C@@H](CC(=O)O)C2=N[C@H](C(=O)O)CS2)[C@@H](C)c2ccccc2)C(C)(C)C)[C@H](C(C)(C)C)NC1=O>>CC(C)[C@@H]1NC(=O)[C@@H]2[C@H](C)CCN2C(=O)CNC(=N[C@H](C(=O)N[C@H](C(=O)N[C@H](CC(=O)O)C2=N[C@H](C(=O)O)CS2)[C@@H](C)c2ccccc2)C(C)(C)C)[C@H](C(C)(C)C)NC1=O,BotH,Epimerase,Epimerization,K4MHV9,AFV25485.1
MITE0000019,CO[C@@H]1C(O)=C(C(C)=O)C(=O)[C@@]2(OC3CC(O)C(O)C(C)O3)C(=O)c3c(cc4cc(O)cc(O)c4c3O)CC12>>CO[C@@H]1C(O)=C(C(C)=O)C(=O)[C@@]2(OC3CC(OC4CC(O)C(O)C(C)O4)C(O)C(C)O3)C(=O)c3c(cc4cc(O)cc(O)c4c3O)CC12,MtmGIII,glycosyltransferase,Glycosylation,Q194P9,CAK50789.1
MITE0000034,CC(=O)N[C@H]1[C@H](Oc2c3cc4cc2Oc2ccc(cc2Cl)[C@@H](O)[C@@H]2NC(=O)[C@H](NC(=O)[C@@H]4NC(=O)[C@H]4NC(=O)[C@@H](Cc5ccc(c(Cl)c5)O3)NC(=O)[C@H](N)c3ccc(O)c(c3)Oc3cc(O)cc4c3)c3ccc(O)c(c3)-c3c(O)cc(O)cc3[C@@H](C(=O)O)NC2=O)O[C@H](CO)[C@@H](O)[C@@H]1O>>CC(=O)N[C@H]1[C@H](Oc2c3cc4cc2Oc2ccc(cc2Cl)[C@@H](O[C@@H]2O[C@H](CO)[C@@H](O)[C@H](O)[C@H]2NC(C)=O)[C@@H]2NC(=O)[C@H](NC(=O)[C@@H]4NC(=O)[C@H]4NC(=O)[C@@H](Cc5ccc(c(Cl)c5)O3)NC(=O)[C@H](N)c3ccc(O)c(c3)Oc3cc(O)cc4c3)c3ccc(O)c(c3)-c3c(O)cc(O)cc3[C@@H](C(=O)O)NC2=O)O[C@H](CO)[C@@H](O)[C@@H]1O,GtfA,Glycosyltransferase,Glycosylation,Q6ZZJ7,CAE53349.1
MITE0000037,N[C@H]1C(=O)N[C@@H]2Cc3ccc(c(Cl)c3)Oc3cc4cc(c3O)Oc3ccc(cc3Cl)[C@@H](O)[C@@H]3NC(=O)[C@H](NC(=O)[C@@H]4NC(=O)[C@@H](NC2=O)c2cc(O)cc(c2)Oc2cc1ccc2O)c1ccc(O)c(c1)-c1c(O)cc(O)cc1[C@@H](C(=O)O)NC3=O>>N[C@H]1C(=O)N[C@@H]2Cc3ccc(c(Cl)c3)Oc3cc4cc(c3O[C@H]3O[C@H](CO)[C@@H](O)[C@H](O)[C@H]3F)Oc3ccc(cc3Cl)[C@@H](O)[C@@H]3NC(=O)[C@H](NC(=O)[C@@H]4NC(=O)[C@@H](NC2=O)c2cc(O)cc(c2)Oc2cc1ccc2O)c1ccc(O)c(c1)-c1c(O)cc(O)cc1[C@@H](C(=O)O)NC3=O,GtfE,Glycosyltransferase,Glycosylation,P96565,AEI58873.1
MITE0000033,N[C@H]1C(=O)N[C@@H]2Cc3ccc(c(Cl)c3)Oc3cc4cc(c3O)Oc3ccc(cc3Cl)[C@@H](O)[C@@H]3NC(=O)[C@H](NC(=O)[C@@H]4NC(=O)[C@@H](NC2=O)c2cc(O)cc(c2)Oc2cc1ccc2O)c1ccc(O)c(c1)-c1c(O)cc(O)cc1[C@@H](C(=O)O)NC3=O>>CCCC(=O)N[C@@H]1[C@@H](O)[C@H](O)[C@@H](COc2c3cc4cc2Oc2ccc(cc2Cl)[C@@H](O)[C@@H]2NC(=O)[C@H](NC(=O)[C@@H]4NC(=O)[C@H]4NC(=O)[C@@H](Cc5ccc(c(Cl)c5)O3)NC(=O)[C@H](N)c3ccc(O)c(c3)Oc3cc(O)cc4c3)c3ccc(O)c(c3)-c3c(O)cc(O)cc3[C@@H](C(=O)O)NC2=O)O[C@H]1O,GtfB,Glycosyltransferase,Glycosylation,Q6ZZI3,CAE53364.1
MITE0000020,CO[C@@H]1C(O)=C(C(C)=O)C(=O)[C@@]2(OC3CC(OC4CC(OC5CC(C)(O)C(O)C(C)O5)C(O)C(C)O4)C(O)C(C)O3)C(=O)c3c(cc4cc(OC5CC(O)C(O)C(C)O5)c(C)c(O)c4c3O)CC12>>CO[C@@H]1C(O)=C(C(C)=O)C(=O)[C@@]2(OC3CC(OC4CC(OC5CC(C)(O)C(O)C(C)O5)C(O)C(C)O4)C(O)C(C)O3)C(=O)c3c(cc4cc(OC5CC(O)C(OC6CC(O)C(O)C(C)O6)C(C)O5)c(C)c(O)c4c3O)CC12,MtmGII,glycosyltransferase,Glycosylation,Q194P6,CAK50792.1
MITE0000018,CO[C@@H]1C(O)=C(C(C)=O)C(=O)[C@@]2(OC3CC(OC4CC(O)C(O)C(C)O4)C(O)C(C)O3)C(=O)c3c(cc4cc(O)cc(O)c4c3O)CC12>>CO[C@@H]1C(O)=C(C(C)=O)C(=O)[C@@]2(OC3CC(OC4CC(OC5CC(O)C(O)C(C)O5)C(O)C(C)O4)C(O)C(C)O3)C(=O)c3c(cc4cc(O)cc(O)c4c3O)CC12,MtmGIV,glycosyltransferase,Glycosylation,Q194Q0,CAK50788.1
MITE0000042,CN[C@H](CC(C)C)C(=O)N[C@H]1C(=O)N[C@@H](CC(N)=O)C(=O)N[C@H]2C(=O)N[C@H]3C(=O)N[C@H](C(=O)N[C@H](C(=O)O)c4cc(O)cc(O)c4-c4cc3ccc4O)[C@@H](O)c3ccc(c(Cl)c3)Oc3cc2cc(c3O[C@@H]2O[C@H](C)[C@@H](O)[C@H](O)[C@H]2O)Oc2ccc(cc2Cl)[C@@H]1O.Cc1cn([C@H]2C[C@H](O)[C@@H](COP(=O)(O)OP(=O)(O)O[C@@H]3C[C@](C)(N)[C@@H](O)[C@H](C)O3)O2)c(=O)[nH]c1=O>>CN[C@H](CC(C)C)C(=O)N[C@H]1C(=O)N[C@@H](CC(N)=O)C(=O)N[C@H]2C(=O)N[C@H]3C(=O)N[C@H](C(=O)N[C@H](C(=O)O)c4cc(O)cc(O)c4-c4cc3ccc4O)[C@@H](O)c3ccc(c(Cl)c3)Oc3cc2cc(c3O[C@@H]2O[C@H](C)[C@@H](O)[C@H](O)[C@H]2O[C@H]2C[C@](C)(N)[C@@H](O)[C@H](C)O2)Oc2ccc(cc2Cl)[C@@H]1O.Cc1cn([C@H]2C[C@H](O)[C@@H](COP(=O)(O)OP(=O)(O)O)O2)c(=O)[nH]c1=O,GtfD,Glycosyltransferase,Glycosylation,P96564,AEI58872.1
MITE0000040,CC(C)C[C@@H](N)C(=O)N[C@@H](C=O)[C@@H](O)c1ccc(O)cc1>>CC(C)C[C@@H](N)C(=O)N[C@@H](C=O)[C@@H](O)c1ccc(O)c(Cl)c1,Vhal,Flavin-dependent halogenase,Halogenation,P96563,AEI58871.1
MITE0000029,NC(Cc1c[nH]c2ccccc12)C(=O)O>>NC(Cc1c[nH]c2c(Cl)cccc12)C(=O)O,KtzQ,Flavin-dependent halogenase,Halogenation,A8CF75,ABV56597.1
MITE0000192,CC1=C[C@@H](C)[C@H]2[C@@H]3C(=O)CC(=O)CC(=O)O[C@@H](C)C=CC=C[C@@H](C)[C@@H]3C=C[C@@H]2C1>>CC1=C[C@@H](C)[C@H]2[C@@H]3C(=O)C(Cl)(Cl)C(=O)CC(=O)O[C@@H](C)C=CC=C[C@@H](C)[C@@H]3C=C[C@@H]2C1,CtoA,Halogenase,Halogenation,A0A0M4KXQ6,ALD83700.1
MITE0000126,NC(Cc1c[nH]c2ccccc12)C(=O)O>>NC(Cc1c[nH]c2ccc(Br)cc12)C(=O)O,AetF,Flavin-dependent halogenase,Halogenation,A0A861B9Z9,QNL15176.1
MITE0000130,N[C@@H](Cc1c[nH]c2ccccc12)C(=O)O>>N[C@@H](Cc1c[nH]c2cc(Cl)ccc12)C(=O)O,ThnH,tryptophan 6-halogenase,Halogenation,A0A142I756,AMR44308.1
MITE0000024,COc1c2c(c(O)c3c(=O)c4cccc(O)c4oc13)-c1c(cc(CC(C)=O)c(C(=O)O)c1O)CC2>>COc1c2c(c(O)c3c(=O)c4ccc(Cl)c(O)c4oc13)-c1c(cc(CC(C)=O)c(C(=O)O)c1O)CC2,XanH,FAD Halogenase,Halogenation,I1SKW0,ADE22292.1
MITE0000028,CC(C)C[C@@H](N)C(=O)N[C@H]1C(=O)N[C@@H](CC(N)=O)C(=O)N[C@H]2C(=O)N[C@H](c3ccc(O)cc3)C(=O)N[C@H](C=O)[C@H](O)c3ccc(cc3)Oc3cc2cc(c3O)Oc2ccc(cc2Cl)[C@H]1O>>CC(C)C[C@@H](N)C(=O)N[C@H]1C(=O)N[C@@H](CC(N)=O)C(=O)N[C@H]2C(=O)N[C@H](c3ccc(O)cc3)C(=O)N[C@H](C=O)[C@H](O)c3ccc(c(Cl)c3)Oc3cc2cc(c3O)Oc2ccc(cc2Cl)[C@H]1O,BhaA,Halogenase,Halogenation,O87676,CAA76550.1
MITE0000069,NC(Cc1c[nH]c2ccccc12)C(=O)O>>NC(Cc1c[nH]c2c(Cl)cccc12)C(=O)O,RebH,tryptophane halogenase,Halogenation,Q8KHZ8,AAN01216.1
MITE0000030,NC(Cc1c[nH]c2c(Cl)cccc12)C(=O)O>>NC(Cc1c[nH]c2c(Cl)c(Cl)ccc12)C(=O)O,KtzR,Flavin-dependent halogenase,Halogenation,A8CF74,ABV56598.1
MITE0000127,Brc1ccc2[nH]ccc2c1>>Brc1ccc2[nH]cc(Br)c2c1,AetA,Flavin-dependent halogenase,Halogenation,A0A861B8S3,QNL15171.1
MITE0000093,C=C1/C=C(\C)C[C@H]2C[C@@H](OC(=O)/C=C(C)/C=C/C[C@@H](O)C1)[C@@](C)([C@H](O)/C=C(\C)C[C@H](O)C(C)(C)[C@H](O)C[C@H](O)[C@@H](C)[C@H](O)C[C@@H](CC(=C)C(=C)OC)OC(=O)CCCCCCCCCCCCCCC)O2>>C=C1C=C(C)C[C@H]2C[C@@H](OC(=O)C=C(C)C=CC[C@@H](O)C1)[C@@](C)([C@H](O)C=C(C)C[C@H](O)C(C)(C)[C@H](O)C[C@H](O)[C@@H](C)[C@H](O)C[C@@H](CC(=C)C(=CBr)OC)OC(=O)CCCCCCCCCCCCCCC)O2,PhmJ,FAD-dependent halogenase,Halogenation,A0A125SL25,AMH40426.1
MITE0000005,COc1cc(O)cc(C)c1C(=O)SCCNC(=O)CCNC(=O)[C@H](O)C(C)(C)COP(=O)(O)OP(=O)(O)OC[C@H]1O[C@@H](n2cnc3c(N)ncnc32)[C@H](O)[C@@H]1OP(=O)(O)O>>COc1cc(O)c(I)c(C)c1C(=O)SCCNC(=O)CCNC(=O)[C@H](O)C(C)(C)COP(=O)(O)OP(=O)(O)OC[C@H]1O[C@@H](n2cnc3c(N)ncnc32)[C@H](O)[C@@H]1OP(=O)(O)O,CalO3,Flavin-dependent halogenase,Halogenation,Q8KND5,AAM70353.1
MITE0000128,CO[C@H]1CC[C@@H](O)c2c1oc1c3c4c(c(O)c1c2=O)-c1c(cc2cc(C)n(C)c(=O)c2c1O)CC4OCO3>>CO[C@H]1CC[C@@H](O)c2c1oc1c3c4c(c(O)c1c2=O)-c1c(cc2c(Cl)c(C)n(C)c(=O)c2c1O)CC4OCO3,OrfA,Halogenase,Halogenation,,UUL71895.1
MITE0000076,C#CCCCC(=CCl)CCC(C)C=CCCC(=O)NCCC(=CC(=O)N1C(=O)C=CC1C)OC>>COC(=CC(=O)N1C(=O)C=CC1C)CCNC(=O)CCC=CC(C)CCC(=CCl)CCCC#CBr,JamD,Flavin-dependent halogenase,Halogenation,Q6E7K6,AAS98776.1
MITE0000071,c1cc[nH]c1>>Brc1[nH]c(Br)c(Br)c1Br,Bmp2,Flavin-dependent halogenase,Halogenation,U6BGC3,AHA34035.1
MITE0000054,C=C1NC(=O)C(Cc2c[nH]c3ccccc23)NC(=O)C(NC(=O)/C(=C/C)NC(=O)C(N)C(C)C)CSCC(C(=O)NC2C(=O)N3CCCC3C(=O)NCC(=O)NC(C(=O)NC(C(=O)NC3CSCC4NC(=O)C(CC(N)=O)NC(=O)C(CSCC5NC(=O)C(Cc6ccccc6)NC(=O)C(CSC=CNC5=O)NC4=O)NC(=O)CNC(=O)CNC(=O)CNC(=O)C4C(O)C(O)CN4C3=O)C(C)O)CSC2C)NC(=O)C(CC(C)C)NC1=O>>C=C1NC(=O)C(Cc2c[nH]c3ccc(Cl)cc23)NC(=O)C(NC(=O)C(=CC)NC(=O)C(N)C(C)C)CSCC(C(=O)NC2C(=O)N3CCCC3C(=O)NCC(=O)NC(C(=O)NC(C(=O)NC3CSCC4NC(=O)C(CC(N)=O)NC(=O)C(CSCC5NC(=O)C(Cc6ccccc6)NC(=O)C(CSC=CNC5=O)NC4=O)NC(=O)CNC(=O)CNC(=O)CNC(=O)C4C(O)C(O)CN4C3=O)C(C)O)CSC2C)NC(=O)C(CC(C)C)NC1=O,MibH,Flavin-dependent halogenase,Halogenation,E2IHC5,ADK32563.1
MITE0000092,NC(Cc1c[nH]c2ccccc12)C(=O)O>>NC(Cc1c[nH]c2cc(Br)ccc12)C(=O)O.NC(Cc1c[nH]c2cc(Cl)ccc12)C(=O)O,BorH,Flavin-dependent halogenase,Halogenation,M9QSI0,AGI62217.1
MITE0000043,C[C@@H]1CC=CC(=O)NCC=CC=C[C@@H](O)C[C@@H](O)Cc2nc(co2)C(=O)N[C@H](CS)CC(=O)O1>>C[C@@H]1CC=C2SC[C@H](CC(=O)O1)NC(=O)c1coc(n1)C[C@H](O)C[C@H](O)C=CC=CCNC2=O,SgvP,cytochrome P450,Heterocyclization,R9USI6,AGN74891.1
MITE0000052,CSCC[C@H](NC(=O)[C@H](CCC(=O)O)NC(=O)[C@H](CC(C)C)NC(=O)[C@H](C)NC(=O)[C@H](CO)NC(=O)[C@H](CC(C)C)NC(=O)[C@H](CCC(=O)O)NC(=O)[C@H](C)NC(=O)[C@H](CC(N)=O)NC(=O)[C@H](CC(N)=O)NC(=O)[C@@H]1CCCN1C(=O)[C@H](CC(=O)O)NC(=O)[C@H](CC(=O)O)NC(=O)[C@H](CC(N)=O)NC(=O)[C@H](CC(C)C)NC(=O)[C@H](Cc1ccccc1)NC(=O)[C@H](CC(=O)O)NC(=O)[C@H](C)NC(=O)[C@@H](NC(=O)[C@H](CCSC)NC(=O)[C@H](CS)NC(=O)[C@H](CC(=O)O)NC(=O)[C@H](Cc1ccccc1)NC(=O)[C@@H](NC(=O)[C@@H](NC(=O)[C@@H](NC(=O)[C@@H]1CCCN1C(=O)CN)C(C)C)C(C)C)C(C)C)[C@@H](C)O)C(=O)N[C@@H](CCC(=O)O)C(=O)N[C@@H](CCC(=O)O)C(=O)N[C@@H](CC(C)C)C(=O)N[C@@H](CCC(=O)O)C(=O)N[C@@H](CO)C(=O)N[C@@H](Cc1c[nH]c2ccccc12)C(=O)NCC(=O)N[C@@H](C)C(=O)N[C@@H](Cc1c[nH]c2ccccc12)C(=O)N[C@@H](CC(=O)O)C(=O)NCC(=O)N[C@@H](CCC(=O)O)C(=O)N[C@@H](C)C(=O)N[C@H](C(=O)N[C@@H](CO)C(=O)O)[C@@H](C)O>>CSCC[C@H](NC(=O)[C@@H]1CSC([C@H](CC(=O)O)NC(=O)[C@H](Cc2ccccc2)NC(=O)[C@@H](NC(=O)[C@@H](NC(=O)[C@@H](NC(=O)[C@@H]2CCCN2C(=O)CN)C(C)C)C(C)C)C(C)C)=N1)C(=O)N[C@H](C(=O)N[C@@H](C)C(=O)N[C@@H](CC(=O)O)C(=O)N[C@@H](Cc1ccccc1)C(=O)N[C@@H](CC(C)C)C(=O)N[C@@H](CC(N)=O)C(=O)N[C@@H](CC(=O)O)C(=O)N[C@@H](CC(=O)O)C(=O)N1CCC[C@H]1C(=O)N[C@@H](CC(N)=O)C(=O)N[C@@H](CC(N)=O)C(=O)N[C@@H](C)C(=O)N[C@@H](CCC(=O)O)C(=O)N[C@@H](CC(C)C)C(=O)N[C@@H](CO)C(=O)N[C@@H](C)C(=O)N[C@@H](CC(C)C)C(=O)N[C@@H](CCC(=O)O)C(=O)N[C@@H](CCSC)C(=O)N[C@@H](CCC(=O)O)C(=O)N[C@@H](CCC(=O)O)C(=O)N[C@@H](CC(C)C)C(=O)N[C@@H](CCC(=O)O)C(=O)N[C@@H](CO)C(=O)N[C@@H](Cc1c[nH]c2ccccc12)C(=O)NCC(=O)N[C@@H](C)C(=O)N[C@@H](Cc1c[nH]c2ccccc12)C(=O)N[C@@H](CC(=O)O)C(=O)NCC(=O)N[C@@H](CCC(=O)O)C(=O)N[C@@H](C)C(=O)N[C@H](C(=O)N[C@@H](CO)C(=O)O)[C@@H](C)O)[C@@H](C)O,BotC,Thiazole heterocyclisation-catalyzing YacO protein,Heterocyclization,K4MJT7,AFV25482.1
MITE0000101,O=C(O)C(S)Cc1c[nH]c2ccccc12>>O=C(O)C1Cc2c[nH]c3cccc(c23)S1,Cxm5,Cytochrome P450,Heterocyclization,A0A290YXM6,AVL27080.1
MITE0000143,CC(=O)Nc1ccccc1C(=O)C[C@@H]1NC(=O)[C@H](CCCNC(=N)N)NC1=O>>N=C(N)NCCC[C@@H]1NC(=O)[C@H](CC(=O)c2ccccc2N)NC1=O,AvaC,kynurenine formamidase,Hydrolysis,P9WEK4,UZP48215.1
MITE0000050,CSCC[C@H](NC(=O)[C@@H]1CSC([C@H](CC(=O)O)NC(=O)[C@@H](NC(=O)[C@@H](/N=C2\NCC(=O)N3CC[C@H](C)[C@H]3C(=O)N[C@@H](C(C)C)C(=O)N[C@H]2C(C)(C)C)C(C)(C)C)[C@@H](C)c2ccccc2)=N1)C(=O)N[C@H](C(=O)N[C@@H](C)C(=O)N[C@@H](CC(=O)O)C(=O)N[C@@H](Cc1ccccc1)C(=O)N[C@@H](CC(C)C)C(=O)N[C@@H](CC(N)=O)C(=O)N[C@@H](CC(=O)O)C(=O)N[C@@H](CC(=O)O)C(=O)N1CCC[C@H]1C(=O)N[C@@H](CC(N)=O)C(=O)N[C@@H](CC(N)=O)C(=O)N[C@@H](C)C(=O)N[C@@H](CCC(=O)O)C(=O)N[C@@H](CC(C)C)C(=O)N[C@@H](CO)C(=O)N[C@@H](C)C(=O)N[C@@H](CC(C)C)C(=O)N[C@@H](CCC(=O)O)C(=O)N[C@@H](CCSC)C(=O)N[C@@H](CCC(=O)O)C(=O)N[C@@H](CCC(=O)O)C(=O)N[C@@H](CC(C)C)C(=O)N[C@@H](CCC(=O)O)C(=O)N[C@@H](CO)C(=O)N[C@@H](Cc1c[nH]c2ccccc12)C(=O)NCC(=O)N[C@@H](C)C(=O)N[C@@H](Cc1c[nH]c2ccccc12)C(=O)N[C@@H](CC(=O)O)C(=O)NCC(=O)N[C@@H](CCC(=O)O)C(=O)N[C@@H](C)C(=O)N[C@H](C(=O)N[C@@H](CO)C(=O)O)[C@@H](C)O)[C@@H](C)O>>CC(C)[C@@H]1NC(=O)[C@@H]2[C@@H](C)CCN2C(=O)CN/C(=N\[C@H](C(=O)N[C@H](C(=O)N[C@@H](CC(=O)O)C2=N[C@H](C(=O)O)CS2)[C@@H](C)c2ccccc2)C(C)(C)C)[C@H](C(C)(C)C)NC1=O,BotAH,Aminohydrolase,Hydrolysis,K4MV58,AFV25486.1
MITE0000056,CC[C@H](C)[C@H](NC(=O)CNC(=O)[C@@H](NC(=O)[C@H](Cc1ccccc1)NC(=O)[C@H](Cc1ccc(O)cc1)NC(=O)[C@H](CCC(=O)O)NC(=O)[C@@H]1CCCN1C(=O)[C@@H](NC(=O)[C@H](Cc1c[nH]cn1)NC(=O)CNC(=O)[C@H](C)NC(=O)CNC(=O)CNC(=O)[C@H](CCCCN)NC(=O)[C@@H](NC(=O)[C@H](CC(C)C)NC(=O)[C@H](CCC(N)=O)NC(=O)[C@H](CO)NC(=O)[C@H](C)NC(=O)[C@H](CO)NC(=O)[C@H](CCCCN)NC(=O)[C@H](CCCCN)NC(=O)[C@@H](NC(=O)[C@H](CCC(N)=O)NC(=O)[C@@H](NC(=O)[C@@H](NC(=O)CNC(=O)[C@H](CCCCN)NC(=O)[C@H](C)NC(=O)[C@@H]1CCCN1C(=O)[C@H](CO)NC(=O)[C@@H]1CCCN1C(=O)[C@@H](NC(=O)[C@H](CC(N)=O)NC(=O)[C@H](CC(N)=O)NC(=O)[C@H](CCCCN)NC(=O)[C@H](CCCCN)NC(=O)CNC(=O)[C@H](CO)NC(=O)[C@H](CO)NC(=O)[C@H](CC(C)C)NC(=O)[C@H](CCCCN)NC(=O)[C@H](CC(N)=O)NC(=O)[C@H](Cc1ccccc1)NC(=O)[C@H](Cc1c[nH]cn1)NC(=O)[C@H](Cc1ccccc1)NC(=O)[C@H](Cc1c[nH]cn1)NC(=O)[C@H](CCCCN)NC(=O)[C@@H](NC(=O)[C@@H](N)CCSC)[C@@H](C)CC)C(C)C)C(C)C)[C@@H](C)CC)[C@@H](C)CC)[C@@H](C)O)C(C)C)C(C)C)C(=O)NCC(=O)N[C@H](C(=O)N1CCC[C@H]1C(=O)N[C@H](C(=O)N[C@@H](CO)C(=O)N[C@@H](Cc1ccccc1)C(=O)N[C@@H](Cc1ccc(O)cc1)C(=O)NCC(=O)O)[C@@H](C)CC)[C@@H](C)O>>CC[C@H](C)[C@H](NC(=O)CNC(=O)[C@@H](NC(=O)[C@H](Cc1ccccc1)NC(=O)[C@H](Cc1ccc(O)cc1)NC(=O)[C@H](CCC(=O)O)NC(=O)[C@@H]1CCCN1C(=O)[C@@H](NC(=O)[C@H](Cc1c[nH]cn1)NC(=O)CNC(=O)[C@H](C)NC(=O)CNC(=O)CN)C(C)C)C(C)C)C(=O)NCC(=O)N[C@H](C(=O)N1CCC[C@H]1C(=O)N[C@H](C(=O)N[C@@H](CO)C(=O)N[C@@H](Cc1ccccc1)C(=O)N[C@@H](Cc1ccc(O)cc1)C(=O)NCC(=O)O)[C@@H](C)CC)[C@@H](C)O,McjB,ATP-dependent protease (cysteine protease-like),Hydrolysis,Q9X2V8,AAD28495.1
MITE0000073,CSc1c(O)cc(-c2ccccn2)nc1C(=O)NC(CC(C)C)C(=O)O>>CSc1c(O)cc(-c2ccccn2)nc1C(=O)O,ClmAH,Amidohydrolase,Hydrolysis,H1ZYT5,CCC55916.1
MITE0000107,C=C/C(C)=C/C[C@@H]1[C@@]2(C)CCCC(C)(C)[C@@H]2C[C@H](O)[C@@]1(O)CSC[C@H](NC(C)=O)C(=O)NC1C(OC2C(O)C(O)C(O)C(O)C2O)OC(CO)C(O)C1O>>C=C/C(C)=C/C[C@@H]1[C@@]2(C)CCCC(C)(C)[C@@H]2C[C@H](O)[C@@]1(O)CSC[C@H](NC(C)=O)C(=O)O.NC1C(OC2C(O)C(O)C(O)C(O)C2O)OC(CO)C(O)C1O,Mca,amidase,Hydrolysis,A0A0H5B8U5,BAR97454.1
MITE0000048,CSCC[C@H](NC(=O)[C@H](CS)NC(=O)[C@H](CC(=O)O)NC(=O)[C@H](Cc1ccccc1)NC(=O)[C@@H](NC(=O)[C@@H](NC(=O)[C@@H](NC(=O)[C@@H]1CCCN1C(=O)CNC(=O)[C@@H](N)CCSC)C(C)C)C(C)C)C(C)C)C(=O)O>>CSCC[C@H](NC(=O)[C@H](CS)NC(=O)[C@H](CC(=O)O)NC(=O)[C@H](Cc1ccccc1)NC(=O)[C@@H](NC(=O)[C@@H](NC(=O)[C@@H](NC(=O)[C@@H]1CCCN1C(=O)CN)C(C)C)C(C)C)C(C)C)C(=O)O,BotP,Peptidase,Hydrolysis,K4MHW2,AFV25490.1
MITE0000167,CO[C@@]1(C)[C@H](O)C(=O)C(C)=C2OC(=O)c3c(C)cc(O)c(C)c3O[C@@H]21>>CO[C@@]1(C)[C@H](O)C(O)=C(C)C(=O)[C@@H]1Oc1cc(C)cc(O)c1C,ProsD,Glyoxalase,Hydrolysis,,WPM83323.1
MITE0000104,O=c1c(O)ccccc1O>>O=c1c(O)cccc(O)c1O,TrlC,Oxygenase component of flavoprotein monooxygenase TrlCD,Hydroxylation,A0A2S1JZG6,AWF83807.1
MITE0000154,CC/C=C/c1c2oc(cc1=O)CC(=O)OCC(=C\C(=C\CC)CC)/C=C/C(O)C2O>>CC/C=C(/C=C1/C=C/C(O)C(O)c2oc(cc(=O)c2/C=C/C(C)O)CC(=O)OC1)CC,PeuJ,,Hydroxylation,A0A2S1P8Q4,AWH12915.1
MITE0000147,CC/C=C/c1c2oc(cc1=O)CC(=O)OCC(=C\C(=C\CC)CC)/C=C/C(O)C2O>>CC/C=C(/C=C1/C=C/C(O)C(O)c2oc(cc(=O)c2/C=C/C(C)O)CC(=O)OC1)CC,PeuJ,FMN-dependent monooxygenase,Hydroxylation,,ATW47938.1
MITE0000197,CC(C)(CO[PH](O)(O)O)C(O)C(O)NCCC(O)NCCSC(=O)[C@H](N)Cc1ccc(O)cc1>>CC(C)(CO[PH](O)(O)O)C(O)C(O)NCCC(O)NCCSC(=O)[C@H](N)[C@@H](O)c1ccc(O)cc1,HynC,non-heme diiron monooxygenase,Hydroxylation,,QWP75303.1
MITE0000119,CCCCC[C@@H]1CC2=C(C[C@H](CCCC)CC3=C1C(=O)OC3=O)C(=O)OC2=O>>CCCCC[C@@H]1CC2=C(C(=O)OC2=O)C[C@@](CCCC)(O)CC2=C1C(=O)OC2=O,ScyL2,AsaB-like alphaKGDD,Hydroxylation,A0A8A5D4W2,QTE75998.1
MITE0000179,C=C[C@]1(C)C[C@@H](O)[C@]2(C)[C@H](C)CC[C@]3(CCC[C@H]32)[C@@H](C)C1>>C=C[C@]1(C)C[C@@H](O)[C@]2(C)[C@H](C)CC[C@]3(CCC[C@H]32)[C@@H](C)[C@@H]1O,Ple5,Cytochrome P450,Hydroxylation,A0A6S6QPY4,BCI98773.1
MITE0000121,NCCC[C@H](N)C(=O)O>>N[C@@H](CCCNO)C(=O)O,AbmB,L-Ornithine N(5)-oxygenase,Hydroxylation,I1ZAY9,AFJ20768.1
MITE0000008,COc1cc(O)c(I)c(C)c1C(=O)SCCNC(=O)CCNC(=O)[C@H](O)C(C)(C)COP(=O)(O)OP(=O)(O)OC[C@H]1O[C@@H](n2cnc3c(N)ncnc32)[C@H](O)[C@@H]1OP(=O)(O)O>>COc1c(O)c(O)c(I)c(C)c1C(=O)SCCNC(=O)CCNC(=O)[C@H](O)C(C)(C)COP(=O)(O)OP(=O)(O)OC[C@H]1O[C@@H](n2cnc3c(N)ncnc32)[C@H](O)[C@@H]1OP(=O)(O)O,CalO2,Cytochrome P450me,Hydroxylation,Q8KND6,AAM94799.1
MITE0000133,CC(C)=CCC/C(C)=C/CC[C@@H](C)[C@@]1(C)CCC2=C1CC[C@H]1C(C)(C)[C@@H](O)CC[C@]21C>>CC(C)=CCCC(C)=CCC[C@@H](C)[C@@]1(C)CCC2=C1[C@@H](O)C[C@H]1C(C)(C)[C@@H](O)CC[C@]21C,THAH,Cytochrome P450,Hydroxylation,D7MKC1,EFH41844.1
MITE0000062,CC(C)[C@@H]1CC[C@@]2(C)C[C@@H]3[C@H]([C@@H](O)C[C@@H]3C)[C@](C)(O)CC=C12>>CC(C)[C@@H]1CC[C@@]2(C)C[C@H]3[C@@H](CO)C[C@H](O)[C@@H]3[C@](C)(O)CC=C12,CotB4,Cytochrome P450,Hydroxylation,C9K1X7,BAI44340.1
MITE0000135,CC(C)=CCC/C(C)=C/CC[C@@H](C)[C@@]1(C)CCC2=C1[C@@H](O)C[C@H]1C(C)(C)[C@@H](O)CC[C@]21C>>CC(C)=CCCC(C)=CC(=O)[C@H](O)[C@@H](C)[C@@]1(C)CCC2=C1[C@@H](O)C[C@H]1C(C)(C)[C@@H](O)CC[C@]21C,THAO,Cytochrome P450,Hydroxylation,D7MKC0,EFH40098.1
MITE0000176,C=C[C@]1(C)C[C@@H](OC(C)=O)[C@]2(C)[C@H](C)CC[C@]3(CCC(=O)[C@H]32)[C@@H](C)[C@@H]1O>>C=C[C@]1(C)C[C@@H](OC(=O)CO)[C@]2(C)[C@H](C)CC[C@]3(CCC(=O)[C@H]32)[C@@H](C)[C@@H]1O,Ple1,Cytochrome P450,Hydroxylation,A0A6S6QI82,BCI98769.1
MITE0000183,CCC1OC(=O)[C@H](C)[C@@H](OC2C[C@](C)(OC)[C@H](O)[C@@H](C)O2)[C@@H](C)[C@H](OC2O[C@@H](C)C[C@@H](N(C)C)[C@@H]2O)[C@@](C)(O)C[C@H](C)C(=O)[C@H](C)[C@H](O)[C@@H]1C>>CCC1OC(=O)[C@H](C)[C@@H](OC2C[C@](C)(OC)[C@H](O)[C@@H](C)O2)[C@@H](C)[C@H](OC2O[C@@H](C)C[C@@H](N(C)C)[C@@H]2O)[C@@](C)(O)C[C@H](C)C(=O)[C@H](C)[C@H](O)[C@]1(C)O,EryK,Cytochrome P450,Hydroxylation,P48635,CAM00054.1
MITE0000061,CC(C)[C@@H]1CC[C@@]2(C)C[C@H]3[C@@H](C)CC[C@@H]3[C@](C)(O)CC=C12>>CC(C)[C@@H]1CC[C@@]2(C)C[C@@H]3[C@H]([C@@H](O)C[C@@H]3C)[C@](C)(O)CC=C12,CotB3,Cytochrome P450,Hydroxylation,C9K1X6,BAI44339.1
MITE0000196,CC(C)(CO[PH](O)(O)O)C(O)C(O)NCCC(O)NCCSC(=O)[C@H](N)CC(N)=O>>CC(C)(CO[PH](O)(O)O)C(O)C(O)NCCC(O)NCCSC(=O)[C@H](N)[C@H](O)C(N)=O,HynE,alpha-ketoglutarate-dependent dioxygenase,Hydroxylation,,QWP75301.1
MITE0000178,C=C[C@]1(C)C[C@@H](O)[C@]2(C)[C@H](C)CC[C@]3(CCC[C@H]32)[C@@H](C)[C@@H]1O>>C=C[C@]1(C)C[C@@H](O)[C@]2(C)[C@H](C)CC[C@]3(CC[C@@H](O)[C@H]32)[C@@H](C)[C@@H]1O,Ple6,Cytochrome P450,Hydroxylation,A0A6S6QP77,BCI98774.1
MITE0000081,CC(C)CCCCCCCCCCCCCc1cc(O)cc(O)c1>>CC(C)CCCCCCCCCCCCCc1cc(O)cc(O)c1O,AgqB,alkylresorcinol monooxygenase,Hydroxylation,I0HIZ0,BAL92977.1
MITE0000185,CC(C)C[C@H](N)C(=O)SCCNC(=O)CCNC(=O)[C@H](O)C(C)(C)COP(=O)(O)O>>CC(C)C(O)[C@H](N)C(=O)SCCNC(=O)CCNC(=O)[C@H](O)C(C)(C)COP(=O)(O)O,FrsH,non-heme diiron monooxygenase,Hydroxylation,A0A7S9SWM2,QPI18730.1
MITE0000055,CC[C@H](C)[C@H](NC(=O)CNC(=O)[C@@H](NC(=O)[C@H](Cc1ccccc1)NC(=O)[C@H](Cc1ccc(O)cc1)NC(=O)[C@H](CCC(=O)O)NC(=O)[C@@H]1CCCN1C(=O)[C@@H](NC(=O)[C@H](Cc1c[nH]cn1)NC(=O)CNC(=O)[C@H](C)NC(=O)CNC(=O)CN)C(C)C)C(C)C)C(=O)NCC(=O)N[C@H](C(=O)N1CCC[C@H]1C(=O)N[C@H](C(=O)N[C@@H](CO)C(=O)N[C@@H](Cc1ccccc1)C(=O)N[C@@H](Cc1ccc(O)cc1)C(=O)NCC(=O)O)[C@@H](C)CC)[C@@H](C)O>>CC[C@H](C)[C@H](NC(=O)CNC(=O)[C@@H](NC(=O)[C@H](Cc1ccccc1)NC(=O)[C@H](Cc1ccc(O)cc1)NC(=O)[C@@H]1CCC(=O)NCC(=O)NCC(=O)N[C@@H](C)C(=O)NCC(=O)N[C@@H](Cc2c[nH]cn2)C(=O)N[C@@H](C(C)C)C(=O)N2CCC[C@H]2C(=O)N1)C(C)C)C(=O)NCC(=O)N[C@H](C(=O)N1CCC[C@H]1C(=O)N[C@H](C(=O)N[C@@H](CO)C(=O)N[C@@H](Cc1ccccc1)C(=O)N[C@@H](Cc1ccc(O)cc1)C(=O)NCC(=O)O)[C@@H](C)CC)[C@@H](C)O,McjC,Lassopeptide ATP-dependent lactam synthetase (C-protein asparagine synthetase-like),Macrolactam formation,Q9X2V9,AAD28496.1
MITE0000114,C/C1=C\[C@@H](C)[C@@H]([C@H](C)O)OC(=O)[C@@H](O)C[C@H]2C=C[C@@H]3C[C@H](O)[C@H](C)[C@H](O)[C@H]3[C@H]12>>CO[C@H]1C[C@H]2C=C[C@@H]3C[C@H](O)[C@H](C)[C@H](O)[C@H]3[C@@H]2C(C)=C[C@@H](C)[C@@H]([C@H](C)O)OC1=O,NgnM,Methyltransferase,Methylation,A0A3S7PZH2,AXG22413.1
MITE0000014,CC(=O)C1=C(O)[C@@H](O)C2Cc3cc4cc(O)cc(O)c4c(O)c3C(=O)C2(O)C1=O>>CO[C@@H]1C(O)=C(C(C)=O)C(=O)C2(O)C(=O)c3c(cc4cc(O)cc(O)c4c3O)CC12,MtmMI,O-methyltransferase,Methylation,Q194P7,CAK50791.1
MITE0000074,CC(C)CC(C(=O)O)n1sc2c(O)cc(-c3ccccn3)nc2c1=O>>CSc1c(O)cc(-c2ccccn2)nc1C(=O)NC(CC(C)C)C(=O)O,ClmM1,S-methyltransferase,Methylation,H1ZYV7,CCC55912.1
MITE0000049,CSCC[C@H](NC(=O)[C@H](CS)NC(=O)[C@H](CC(=O)O)NC(=O)[C@H](Cc1ccccc1)NC(=O)[C@@H](NC(=O)[C@@H](NC(=O)[C@@H](NC(=O)[C@@H]1CCCN1C(=O)CN)C(C)C)C(C)C)C(C)C)C(=O)O>>CSCC[C@H](NC(=O)[C@H](CS)NC(=O)[C@H](CC(=O)O)NC(=O)[C@@H](NC(=O)[C@@H](NC(=O)[C@@H](NC(=O)[C@@H](NC(=O)[C@@H]1CCCN1C(=O)CN)C(C)C)C(C)C)C(C)C)[C@@H](C)c1ccccc1)C(=O)O,BotRMT1,rSAM methyltransferase,Methylation,K4MHV5,AFV25480.1
MITE0000039,CC(C)C[C@@H](N)C(=O)N[C@H]1C(=O)N[C@@H](CC(N)=O)C(=O)N[C@H]2C(=O)N[C@H]3C(=O)N[C@H](C(=O)N[C@H](C(=O)O)c4cc(O)cc(O)c4-c4cc3ccc4O)[C@@H](O)c3ccc(c(Cl)c3)Oc3cc2cc(c3O[C@H]2O[C@H](CO)[C@@H](O)[C@H](O)[C@H]2O[C@H]2C[C@](C)(N)[C@H](O)[C@H](C)O2)Oc2ccc(cc2Cl)[C@@H]1O>>CN[C@H](CC(C)C)C(=O)N[C@H]1C(=O)N[C@@H](CC(N)=O)C(=O)N[C@H]2C(=O)N[C@H]3C(=O)N[C@H](C(=O)N[C@H](C(=O)O)c4cc(O)cc(O)c4-c4cc3ccc4O)[C@@H](O)c3ccc(c(Cl)c3)Oc3cc2cc(c3O[C@H]2O[C@H](CO)[C@@H](O)[C@H](O)[C@H]2O[C@H]2C[C@](C)(N)[C@H](O)[C@H](C)O2)Oc2ccc(cc2Cl)[C@@H]1O,Vmt,Methyltransferase,Methylation,E9LY85,AEI58876.1
MITE0000006,Cc1cc(O)cc(O)c1C(=O)SCCNC(=O)CCNC(=O)[C@H](O)C(C)(C)COP(=O)(O)OP(=O)(O)OC[C@H]1O[C@@H](n2cnc3c(N)ncnc32)[C@H](O)[C@@H]1OP(=O)(O)O>>COc1cc(O)cc(C)c1C(=O)SCCNC(=O)CCNC(=O)[C@H](O)C(C)(C)COP(=O)(O)OP(=O)(O)OC[C@H]1O[C@@H](n2cnc3c(N)ncnc32)[C@H](O)[C@@H]1OP(=O)(O)O,CalO6,O-methyltransferase,Methylation,Q8KND2,AAM70356.1
MITE0000047,CSCC[C@H](NC(=O)[C@H](CS)NC(=O)[C@H](CC(=O)O)NC(=O)[C@H](Cc1ccccc1)NC(=O)[C@@H](NC(=O)[C@@H](NC(=O)[C@@H](NC(=O)[C@@H]1CCCN1C(=O)CN)C(C)C)C(C)C)C(C)C)C(=O)O>>CSCC[C@H](NC(=O)[C@H](CS)NC(=O)[C@H](CC(=O)O)NC(=O)[C@H](Cc1ccccc1)NC(=O)[C@@H](NC(=O)[C@@H](NC(=O)[C@@H](NC(=O)[C@@H]1[C@@H](C)CCN1C(=O)CN)C(C)C)C(C)C)C(C)C)C(=O)O,BotRMT3,radical SAM methyltransferase,Methylation,K4MHG1,AFV25488.1
MITE0000007,COc1c(O)c(O)c(I)c(C)c1C(=O)SCCNC(=O)CCNC(=O)[C@H](O)C(C)(C)COP(=O)(O)O>>COc1c(O)c(I)c(C)c(C(=O)SCCNC(=O)CCNC(=O)[C@H](O)C(C)(C)COP(=O)(O)O)c1OC,CalO1,O-methyltransferase,Methylation,Q8KNE5,AAM70343.1
MITE0000155,CCC(CCCCCCCCCCCCc1c(C)c(O)cc(O)c1)C>>CCC(CCCCCCCCCCCCc1c(C)c(O)cc(OC)c1)C,SrsB,Methyltransferase,Methylation,,BAG12889.1
MITE0000046,CSCC[C@H](NC(=O)[C@H](CS)NC(=O)[C@H](CC(=O)O)NC(=O)[C@H](Cc1ccccc1)NC(=O)[C@@H](NC(=O)[C@@H](NC(=O)[C@@H](NC(=O)[C@@H]1CCCN1C(=O)CN)C(C)C)C(C)C)C(C)C)C(=O)O>>CSCC[C@H](NC(=O)[C@H](CS)NC(=O)[C@H](CC(=O)O)NC(=O)[C@H](Cc1ccccc1)NC(=O)[C@@H](NC(=O)[C@@H](NC(=O)[C@@H](NC(=O)[C@@H]1CCCN1C(=O)CN)C(C)C)C(C)(C)C)C(C)(C)C)C(=O)O,BotRMT2,radical SAM methyltransferase ,Methylation,K4MJZ5,AFV25484.1
MITE0000032,C[S+](CCC([NH3+])C(=O)[O-])CC1OC(n2cnc3c(N)ncnc32)C(O)C1O.NC(Cc1ccc(O)cc1)C(=O)O>>Cc1cc(CC(N)C(=O)O)ccc1O.Nc1ncnc2c1ncn2C1OC(C[SH+]CCC(N)C(=O)O)C(O)C1O,SfmM2,SAM-dependent C-methyltransferase,Methylation,B0CN31,ABI22137.1
MITE0000022,NC(=O)c1c(O)cc2cc3cc4cccc(O)c4c(O)c3c(O)c2c1O>>Cc1c2cccc(O)c2c(O)c2c(O)c3c(O)c(C(N)=O)c(O)cc3cc12,SsfM4,C-methyltransferase,Methylation,D6MSU6,ADE34484.1
MITE0000045,CC(C)[C@@H]1NC(=O)[C@@H]2[C@H](C)CCN2C(=O)CN/C(=N\[C@H](C(=O)N[C@H](C(=O)N[C@H](CC(=O)O)c2nccs2)[C@@H](C)c2ccccc2)C(C)(C)C)[C@H](C(C)(C)C)NC1=O>>COC(=O)C[C@@H](NC(=O)[C@@H](NC(=O)[C@@H](/N=C1\NCC(=O)N2CC[C@@H](C)[C@H]2C(=O)N[C@@H](C(C)C)C(=O)N[C@H]1C(C)(C)C)C(C)(C)C)[C@@H](C)c1ccccc1)c1nccs1,BotOMT,Carboxyl methyltransferase,Methylation,K4MJZ1,AFV25479.1
MITE0000011,C/C(=C\Cc1c(O)c(C)c2c(c1O)C(=O)OC2)CCC(=O)O>>COc1c(C)c2c(c(O)c1C/C=C(\C)CCC(=O)O)C(=O)OC2,MpaG,O-methyltransferase,Methylation,F1DBB3,ADY00134.1
MITE0000021,CC1OC(c2ccc3c(c2O)C(=O)C2=C(O)[C@]4(O)C(=O)C(C(N)=O)=C(O)[C@H](O)[C@@H]4C[C@@H]2[C@@]3(C)O)CC(O)C1O>>CO[C@@]1(C)c2ccc(C3CC(O)C(O)C(C)O3)c(O)c2C(=O)C2=C(O)[C@]3(O)C(=O)C(C(N)=O)=C(O)[C@H](O)[C@@H]3C[C@@H]21,SsfM2,O-methyltransferase,Methylation,D6MSW0,ADE34498.1
MITE0000166,CC1=C2OC(=O)c3c(C)cc(O)c(C)c3O[C@@H]2[C@@](C)(O)[C@H](O)C1=O>>CO[C@@]1(C)[C@H](O)C(=O)C(C)=C2OC(=O)c3c(C)cc(O)c(C)c3O[C@@H]21,ProsF,O-methyltransferase,Methylation,,WPM83325.1
MITE0000003,COC[C@H]1O[C@@H](O[C@@H]2OC[C@@H]3O[C@]4(O[C@H]3[C@H]2OC(=O)C(C)C)O[C@H](C)[C@@](O)(C(C)=O)C2OCOC24)[C@@H](O)[C@@H](O)[C@@H]1O[C@@H]1O[C@H](C)[C@H](OC)[C@H](O[C@H]2C[C@@]3(C)OC4(C[C@H](O)[C@H](O[C@H]5C[C@@H](O)[C@H](OC(=O)c6c(C)c(Cl)c(O)c(Cl)c6OC)[C@@H](C)O5)[C@@H](C)O4)O[C@@H]3[C@@H](C)O2)[C@H]1O>>COC[C@H]1O[C@@H](O[C@@H]2OC[C@@H]3O[C@]4(O[C@H]3[C@H]2OC(=O)C(C)C)O[C@H](C)[C@@](O)(C(C)=O)C2OCOC24)[C@@H](OC)[C@@H](O)[C@@H]1O[C@@H]1O[C@H](C)[C@H](OC)[C@H](O[C@H]2C[C@@]3(C)OC4(C[C@H](O)[C@H](O[C@H]5C[C@@H](O)[C@H](OC(=O)c6c(C)c(Cl)c(O)c(Cl)c6OC)[C@@H](C)O5)[C@@H](C)O4)O[C@@H]3[C@@H](C)O2)[C@H]1O,AviG6,O-methyltransferase,Methylation,Q93KV9,AAK83186.1
MITE0000082,CC(C)CCCCCCCCCCCCCc1cc(O)cc(O)c1O>>COc1cc(O)cc(CCCCCCCCCCCCCC(C)C)c1O,AgqC,alkylhydroxyhydroquinone methyltransferase,Methylation,I0HIZ1,BAL92978.1
MITE0000075,CSc1c(O)cc(-c2ccccn2)nc1/C=N/O>>COc1cc(-c2ccccn2)nc(C=NO)c1SC,ClmM2,O-methyltransferase,Methylation,H1ZYV4,CCC55909.1
MITE0000023,CC1OC(c2ccc3c(c2O)C(=O)C2=C(O)C4(O)C(=O)C(C(N)=O)=C(O)C(O)C4CC2C3(C)O)CC(O)C1O>>COC12C(=O)C(C(N)=O)=C(O)C(O)C1CC1C(=C2O)C(=O)c2c(ccc(C3CC(O)C(O)C(C)O3)c2O)C1(C)O,SsfM1,O-methyltransferase,Methylation,D6MSX0,ADE34508.1
MITE0000105,C=C1/C=C/C(C)=C\c2csc(n2)C2(CC2)NC(=O)C[C@@](CC(=O)O)(SS)CC/C(C)=C/C1>>C=C1/C=C/C(C)=C\c2csc(n2)C2(CC2)NC(=O)C[C@@](CC(=O)O)(SSC)CC/C(C)=C/C1,GnmP,Persulfide methyltransferase,Methylation,A0A2H4T153,ATY69565.1
MITE0000031,C[S+](CCC([NH3+])C(=O)[O-])CC1OC(n2cnc3c(N)ncnc32)C(O)C1O.NC(Cc1ccc(O)cc1)C(=O)O>>Cc1cc(CC(N)C(=O)O)ccc1O.Nc1ncnc2c1ncn2C1OC(C[SH+]CCC(N)C(=O)O)C(O)C1O,SacF,SAM-dependent methyltransferase,Methylation,Q5JCL5,AAL33761.1
MITE0000002,COC[C@H]1O[C@@H](O[C@@H]2OC[C@@H]3O[C@]4(O[C@H]3[C@H]2OC(=O)C(C)C)O[C@H](C)[C@@](O)(C(C)=O)C2OCOC24)[C@@H](OC)[C@@H](O)[C@@H]1O[C@@H]1O[C@H](C)[C@H](OC)[C@H](O[C@H]2C[C@@]3(C)OC4(C[C@H](O)[C@H](O[C@H]5C[C@@H](O)[C@H](OC(=O)c6c(C)c(Cl)c(O)c(Cl)c6O)[C@@H](C)O5)[C@@H](C)O4)O[C@@H]3[C@@H](C)O2)[C@H]1O>>COC[C@H]1O[C@@H](O[C@@H]2OC[C@@H]3O[C@]4(O[C@H]3[C@H]2OC(=O)C(C)C)O[C@H](C)[C@@](O)(C(C)=O)C2OCOC24)[C@@H](OC)[C@@H](O)[C@@H]1O[C@@H]1O[C@H](C)[C@H](OC)[C@H](O[C@H]2C[C@@]3(C)OC4(C[C@H](O)[C@H](O[C@H]5C[C@@H](O)[C@H](OC(=O)c6c(C)c(Cl)c(O)c(Cl)c6OC)[C@@H](C)O5)[C@@H](C)O4)O[C@@H]3[C@@H](C)O2)[C@H]1O,AviG4,O-methyltransferase,Methylation,L8PIQ8,ELS56114.1
MITE0000009,C12CC=C(CC(C=CC=C(C)C3(O)CC(O)C(C)=CC3C(=O)OC(CC3(OC(C)C(C)CC3)O1)C2)C)C>>C12CC(CC3(O1)CCC(C)C(C)O3)OC(=O)C1C(CC(C(=C1)C)OC)(O)C(C)=CC=CC(C)CC(C)=CC2,MeiD,O-methyltransferase,Methylation,D6C4C6,ADC45587.1
MITE0000085,O=C1C(O)=CC(=O)c2c(O)cc(O)cc21>>Cc1c(O)cc2c(c1O)C(=O)C=C(O)C2=O,NapB5,putative methyltransferase,Methylation,A7KH06,ABS50465.1
MITE0000141,N=C(N)NCCC[C@@H]1NC(=O)/C(=C/c2ccc(O)c(OCC[C@H](NC(=O)C[C@](O)(CC(=O)O)C(=O)O)C(=O)O)c2)NC1=O>>COc1ccc(C=C2NC(=O)[C@H](CCCNC(=N)N)NC2=O)cc1OCC[C@H](NC(=O)C[C@](O)(CC(=O)O)C(=O)O)C(=O)O,AnkF,o-methyltransferase,Methylation,A0A397HK53,RHZ63465.1
MITE0000080,Cc1cccc(O)c1C(=O)SCCNC(=O)CCNC(=O)[C@H](O)C(C)(C)COP(=O)(O)OP(=O)(O)OC[C@H]1O[C@@H](n2cnc3c(N)ncnc32)[C@H](O)[C@@H]1OP(=O)(O)O>>Cc1ccc(C)c(C(=O)SCCNC(=O)CCNC(=O)[C@H](O)C(C)(C)COP(=O)(O)OP(=O)(O)OC[C@H]2O[C@@H](n3cnc4c(N)ncnc43)[C@H](O)[C@@H]2OP(=O)(O)O)c1O,PokMT1,C-methyltransferase,Methylation,C0JWB3,ACN64833.1
MITE0000077,Cc1cccc(O)c1C(=O)SCCNC(=O)CCNC(=O)[C@H](O)C(C)(C)COP(=O)(O)OP(=O)(O)OC[C@H]1O[C@@H](n2cnc3c(N)ncnc32)[C@H](O)[C@@H]1OP(=O)(O)O>>Cc1ccc(C)c(C(=O)SCCNC(=O)CCNC(=O)[C@H](O)C(C)(C)COP(=O)(O)OP(=O)(O)OC[C@H]2O[C@@H](n3cnc4c(N)ncnc43)[C@H](O)[C@@H]2OP(=O)(O)O)c1O,MdpB1,C-methyltransferase,Methylation,B0BLM5,ABY66020.1
MITE0000004,COC[C@H]1O[C@@H](O[C@@H]2OC[C@@H]3O[C@]4(O[C@H]3[C@H]2OC(=O)C(C)C)O[C@H](C)[C@@](O)(C(C)=O)C2OCOC24)[C@@H](OC)[C@@H](O)[C@@H]1O[C@@H]1O[C@H](C)[C@H](O)[C@H](O[C@H]2C[C@@]3(C)OC4(C[C@H](O)[C@H](O[C@H]5C[C@@H](O)[C@H](OC(=O)c6c(C)c(Cl)c(O)c(Cl)c6OC)[C@@H](C)O5)[C@@H](C)O4)O[C@@H]3[C@@H](C)O2)[C@H]1O>>COC[C@H]1O[C@@H](O[C@@H]2OC[C@@H]3O[C@]4(O[C@H]3[C@H]2OC(=O)C(C)C)O[C@H](C)[C@@](O)(C(C)=O)C2OCOC24)[C@@H](OC)[C@@H](O)[C@@H]1O[C@@H]1O[C@H](C)[C@H](OC)[C@H](O[C@H]2C[C@@]3(C)OC4(C[C@H](O)[C@H](O[C@H]5C[C@@H](O)[C@H](OC(=O)c6c(C)c(Cl)c(O)c(Cl)c6OC)[C@@H](C)O5)[C@@H](C)O4)O[C@@H]3[C@@H](C)O2)[C@H]1O,AviG5,O-methyltransferase,Methylation,Q93KW5,AAK83180.1
MITE0000001,COc1c(Cl)c(O)c(Cl)c(C)c1C(=O)O[C@H]1[C@H](O)C[C@H](O[C@H]2[C@@H](O)CC3(O[C@@H]4[C@@H](C)O[C@@H](O[C@@H]5[C@@H](O)[C@H](O[C@H]6[C@H](O)[C@H](OC)[C@H](O[C@@H]7OC[C@@H]8O[C@]9(O[C@H]8[C@H]7OC(=O)C(C)C)O[C@H](C)[C@@](O)(C(C)=O)C7OCOC79)O[C@@H]6CO)O[C@H](C)[C@@H]5OC)C[C@@]4(C)O3)O[C@@H]2C)O[C@@H]1C>>COC[C@H]1O[C@@H](O[C@@H]2OC[C@@H]3O[C@]4(O[C@H]3[C@H]2OC(=O)C(C)C)O[C@H](C)[C@@](O)(C(C)=O)C2OCOC24)[C@@H](OC)[C@@H](O)[C@@H]1O[C@@H]1O[C@H](C)[C@H](OC)[C@H](O[C@H]2C[C@@]3(C)OC4(C[C@H](O)[C@H](O[C@H]5C[C@@H](O)[C@H](OC(=O)c6c(C)c(Cl)c(O)c(Cl)c6OC)[C@@H](C)O5)[C@@H](C)O4)O[C@@H]3[C@@H](C)O2)[C@H]1O,AviG2,O-methyltransferase,Methylation,Q93KW1,AAK83184.1
MITE0000015,COC1C(O)=C(C(C)=O)C(=O)C2(OC3CC(OC4CC(OC5CC(C)(O)C(O)C(C)O5)C(O)C(C)O4)C(O)C(C)O3)C(=O)c3c(cc4cc(O)cc(O)c4c3O)CC12>>COC1C(O)=C(C(C)=O)C(=O)C2(OC3CC(OC4CC(OC5CC(C)(O)C(O)C(C)O5)C(O)C(C)O4)C(O)C(C)O3)C(=O)c3c(cc4cc(O)c(C)c(O)c4c3O)CC12,MtmMII,C-methyltransferase,Methylation,Q194P8,CAK50790.1
MITE0000156,Cc1cc(O)c(C(=O)c2c(O)cccc2O)c(CO)c1>>CC1=CC(=O)C(C(=O)c2c(O)cccc2O)=C(CO)[C@@H]1O,PhoM,Flavin-dependent monooxygenase,Monooxygenation,UPI0020464A74,UPG58742.1
MITE0000087,Cc1cc2cc3cccc(O)c3c(O)c2c(O)c1C(=O)CCC(C)C>>CC1=C(C(=O)CCC(C)C)C(=O)c2c(cc3cccc(O)c3c2O)C1=O,RslO4,Monooxygenase,Monooxygenation,W8QLE0,AHL46722.1
MITE0000012,COC1=CC(=O)c2c(O)c3c(c(O)c2C1=O)C(=O)C1(O)c2c(cc4cc(C)oc(=O)c4c2O)CCC1(O)C3=O>>COc1cc(O)c2c(O)c3c(c(O)c2c1O)C(O)(C(=O)O)OC1(CCc2cc4cc(C)oc(=O)c4c(O)c2O1)C3=O,GrhO5,Flavoprotein monooxygenase,Monooxygenation,Q8KSX7,AAM33672.1
MITE0000142,N=C(N)NCCC[C@@H]1NC(=O)/C(=C/c2ccc(O)cc2)NC1=O>>N=C(N)NCCC[C@@H]1NC(=O)C(=Cc2ccc(O)c(O)c2)NC1=O,AnkC,FAD-dependent monooxygenase,Monooxygenation,A0A397HQ89,RHZ63464.1
MITE0000013,COc1cc(O)c2c(O)c3c(c(O)c2c1O)C(=O)OC1(CCc2cc4cc(C)oc(=O)c4c(O)c2O1)C3=O>>COc1cc(O)c2c(O)c3c(c(O)c2c1O)OC1(CCc2cc4cc(C)oc(=O)c4c(O)c2O1)C3=O,GrhO6,Flavoprotein monooxygenase,Monooxygenation,Q8KSX5,AAM33673.1
MITE0000144,N=C(N)NCCC[C@@H]1NC(=O)[C@H](Cc2c[nH]c3ccccc23)NC1=O>>N=C(N)NCCC[C@@H]1NC(=O)[C@H](CC23OC2Nc2ccccc23)NC1=O,AvaB,FAD-dependent monooxygenase ,Monooxygenation,P9WEK3,UZP48214.1
MITE0000044,CC(C)[C@@H]1NC(=O)[C@@H]2[C@H](C)CCN2C(=O)CN/C(=N\[C@H](C(=O)N[C@H](C(=O)N[C@H](CC(=O)O)C2=N[C@H](C(=O)O)CS2)[C@@H](C)c2ccccc2)C(C)(C)C)[C@H](C(C)(C)C)NC1=O>>CC(C)[C@@H]1NC(=O)[C@@H]2[C@H](C)CCN2C(=O)CN/C(=N\[C@H](C(=O)N[C@H](C(=O)N[C@H](CC(=O)O)c2nccs2)[C@@H](C)c2ccccc2)C(C)(C)C)[C@H](C(C)(C)C)NC1=O,BotCYP,Cytochrome P450,Multiple,K4MJU2,AFV25487.2
MITE0000058,C=C1C(=O)OC[C@H]2C(C(=O)O)=CC3CC(C)(C)C[C@@]132>>CC1(C[C@@]23[C@@H](COC(C42OC4)=O)C(C(O)=O)=CC3C1)C,PntD,Non-Heme Iron-Dependent Dehydrogenase/Oxygenase,Multiple,E3VWI8,ADO85576.1
MITE0000120,CCCCC[C@@H]1CC2=C(C(=O)OC2=O)[C@H](O)[C@H](CCCC)CC2=C1C(=O)OC2=O>>CCCCC[C@@H]1CC2=C(C(=O)OC2=O)[C@H](CCCC)CC2=C1C(=O)OC2=O,ZopL9 a.k.a. ZopK,AsaB-like alphaKGDD,Multiple,A0A7R6QUG3,QTE75983.1
MITE0000041,CN[C@H](CC(C)C)C(=O)N[C@@H](C(=O)N[C@@H](CC(N)=O)C(=O)N[C@@H](C(=O)N[C@@H](C(=O)N[C@H](C(=O)SCCNC(=O)CCNC(=O)[C@H](O)C(C)(C)COP(=O)(O)O)[C@@H](O)c1ccc(O)cc1)c1ccc(O)cc1)c1ccc(O)cc1)[C@@H](O)c1ccc(O)cc1>>CN[C@H](CC(C)C)C(=O)N[C@@H](C(=O)N[C@@H](CC(N)=O)C(=O)N[C@H]1C(=O)N[C@H](c2ccc(O)cc2)C(=O)N[C@H](C(=O)SCCNC(=O)CCNC(=O)[C@H](O)C(C)(C)COP(=O)(O)O)[C@@H](O)c2ccc(cc2)Oc2cc1ccc2O)[C@@H](O)c1ccc(O)cc1,OxyB,Cytochrome P450 Monooxygenase,Multiple,F8STX7,AEI58869.1
MITE0000016,COC(C(=O)C(O)C(C)=O)C1Cc2cc3cc(OC4CC(OC5CC(O)C(O)C(C)O5)C(O)C(C)O4)c(C)c(O)c3c(O)c2C(=O)C1(OC1CC(OC2CC(OC3CC(C)(O)C(O)C(C)O3)C(O)C(C)O2)C(O)C(C)O1)C(=O)O>>COC(C(=O)C(O)C(C)=O)C1Cc2cc3cc(OC4CC(OC5CC(O)C(O)C(C)O5)C(O)C(C)O4)c(C)c(O)c3c(O)c2C(=O)C1OC1CC(OC2CC(OC3CC(C)(O)C(O)C(C)O3)C(O)C(C)O2)C(O)C(C)O1,MtmOIV,Oxygenase,Multiple,Q194P4,CAK50794.2
MITE0000188,CC1=CC=CC[C@H](C2CCC[C@@H]2C(=O)O)OC(=O)C[C@H](O)[C@@H](C)C[C@@H](C)C[C@@H](C)C[C@H](C)[C@H]1O>>C[C@@H]1C[C@H](C)C[C@H](C)[C@@H](O)CC(=O)O[C@@H](C2CCC[C@@H]2C(=O)O)CC=CC=C(CO)[C@H](O)[C@@H](C)C1,BorI,Cytochrome P450 monooxygenase,Multiple,Q70HZ6,CAE45673.1
MITE0000038,CN[C@H](CC(C)C)C(=O)N[C@@H](C(=O)N[C@@H](CC(N)=O)C(=O)N[C@H]1C(=O)N[C@H](c2ccc(O)cc2)C(=O)N[C@H](C(=O)N[C@H](C(=O)SCCNC(=O)CCNC(=O)[C@H](O)C(C)(C)COP(=O)(O)O)c2cc(O)cc(O)c2)[C@@H](O)c2ccc(c(Cl)c2)Oc2cc1ccc2O)[C@@H](O)c1ccc(O)c(Cl)c1>>CN[C@H](CC(C)C)C(=O)N[C@H]1C(=O)N[C@@H](CC(N)=O)C(=O)N[C@H]2C(=O)N[C@H](c3ccc(O)cc3)C(=O)N[C@H](C(=O)N[C@H](C(=O)SCCNC(=O)CCNC(=O)[C@H](O)C(C)(C)COP(=O)(O)O)c3cc(O)cc(O)c3)[C@@H](O)c3ccc(c(Cl)c3)Oc3cc2cc(c3O)Oc2ccc(cc2Cl)[C@@H]1O,OxyA,Cytochrome P450 Monooxygenase,Multiple,F8STX6,AEI58868.1
MITE0000115,CC[C@H]1OC(=O)[C@@H](O)CC2C=CC3C[C@H](O)[C@H](C)[C@H](O)C3C2/C(C)=C/[C@H]1C>>C/C1=C\[C@@H](C)[C@@H]([C@H](C)O)OC(=O)[C@@H](O)CC2C=CC3C[C@H](O)[C@H](C)[C@H](O)C3C12,NgnP2,Cytochrome P450,Multiple,A0A3S7PZF3,AXG22415.1
MITE0000109,NCCCC[C@H](N)C(=O)O>>O=C(O)[C@@H]1CCCCN1.N,CmxA,L-lysine cyclodeaminase,Multiple,A0A346D7L2,AXM43051.1
MITE0000010,COC1CC2(O)C(CO)=CC=CC(C)CC(C)=CCC3CC(CC4(CCC(C)C(C)O4)O3)OC(=O)C2C=C1C>>COC1C(C)=CC2C(=O)OC3CC(CC=C(C)CC(C)C=CC=C(CO)C2(O)C1O)OC1(CCC(C)C(C)O1)C3,MeiE,Cytochrome P450,Multiple,Q6YL50,AAM97314.1
MITE0000161,C[C@@H]1CC(O)=C2C(=O)c3c(O)cccc3O[C@]2(CO)[C@@H]1O>>CC(=O)OC[C@]12Oc3cccc(O)c3C(=O)C1=C(O)C[C@@H](C)[C@H]2OC(C)=O,PhoK,Reductase,Multiple,,UPG58740.1
MITE0000063,C=C1C(=O)OC[C@H]2C(C(=O)O)=CC3CC(C)(C)C[C@@]132>>CC1(C[C@@]23[C@@H](COC(C42OC4)=O)C(C(O)=O)=CC3C1)C,PtlD,Non-Heme Iron-Dependent Dehydrogenase/Oxygenase,Multiple,Q82IY7,BAC70706.1
MITE0000035,CCCCCCCCCC(=O)N[C@H]1[C@H](Oc2c3cc4cc2Oc2ccc(cc2Cl)[C@@H](O[C@@H]2O[C@H](CO)[C@@H](O)[C@H](O)[C@H]2NC(C)=O)[C@@H]2NC(=O)[C@H](NC(=O)[C@@H]4NC(=O)[C@H]4NC(=O)[C@@H](Cc5ccc(c(Cl)c5)O3)NC(=O)[C@H](N)c3ccc(O)c(c3)Oc3cc(O)cc4c3)c3ccc(O)c(c3)-c3c(O[C@H]4O[C@H](CO)[C@@H](O)[C@H](O)[C@@H]4O)cc(O)cc3[C@@H](C(=O)O)NC2=O)O[C@H](CO)[C@@H](O)[C@@H]1O>>CC(=O)N[C@H]1[C@H](O[C@@H]2c3ccc(c(Cl)c3)Oc3cc4cc(c3O[C@@H]3O[C@H](CO)[C@@H](O)[C@H](O)[C@H]3N)Oc3ccc(cc3Cl)C[C@H]3NC(=O)[C@H](N)c5ccc(O)c(c5)Oc5cc(O)cc(c5)[C@H](NC3=O)C(=O)N[C@H]4C(=O)N[C@H]3C(=O)N[C@@H]2C(=O)N[C@H](C(=O)O)c2cc(O)cc(O[C@H]4O[C@H](CO)[C@@H](O)[C@H](O)[C@@H]4O)c2-c2cc3ccc2O)O[C@H](CO)[C@@H](O)[C@@H]1O,Tcp24 a.k.a Orf2* a.k.a. tAtf,Acyltransferase,Multiple,Q70AY4,CAE53365.1
MITE0000086,CC(C)=CCC/C(C)=C/C[C@]1(O)C(=O)c2cc(O)c(C)c(O)c2C(=O)[C@@]1(Cl)CC=C(C)C>>CC(C)=CCCC(C)=CC[C@@]12OC(C)(C)[C@H](Cl)C[C@]1(Cl)C(=O)c1c(cc(O)c(C)c1O)C2=O,NapH1,Vanadium-Dependent Chloroperoxidase,Multiple,A7KGZ9,ABS50458.1
MITE0000112,CC[C@H]1OC(=O)CCC2C=CC3C[C@H](O)[C@H](C)[C@H](O)C3C2/C(C)=C/[C@H]1C>>CC[C@H]1OC(=O)[C@@H](O)CC2C=CC3C[C@H](O)[C@H](C)[C@H](O)C3C2C(C)=C[C@H]1C,Ngnp1,Cytochrome P450,Multiple,A0A3S7Q0I4,AXG22409.1
MITE0000111,CO[C@H]1CC2C=CC3C[C@H](O)[C@H](C)[C@@H](O)C3C2C(C)=C[C@@H](C)[C@@H]([C@@H](C)O)OC1=O>>CO[C@H]1CC2C=CC3C4[C@H](O)[C@@H](C)[C@@H](O)[C@@H]3OC24C(C)=C[C@@H](C)[C@@H]([C@@H](C)O)OC1=O,NgnO3,Dioxygenase,Multiple,A0A3S7PZF2,AXG22416.1
MITE0000138,N=C(N)NCCC[C@@H]1NC(=O)/C(=C/c2ccc(O)c(OCC[C@H](N)C(=O)O)c2)NC1=O>>N=C(N)NCCC[C@@H]1NC(=O)C(=Cc2ccc(O)c(OCC[C@H](NC(=O)C[C@](O)(CC(=O)O)C(=O)O)C(=O)O)c2)NC1=O,AnkE,NRPS independent siderophore synthetase,Other,A0A397HK89,RHZ63459.1
MITE0000098,NC[C@H]1O[C@@H](c2c[nH]c(=O)[nH]c2=O)[C@H](O)[C@@H]1O>>NC(=O)CC[C@H](N)C(=O)NC[C@H]1O[C@@H](c2c[nH]c(=O)[nH]c2=O)[C@H](O)[C@@H]1O,PumK,Carboxylate-Amine Ligase,Other,A0A2R4FXX8,AVT42380.1
MITE0000102,O=C(O)C1=C(O)CC=CC=C1>>O=c1cccccc1O,TrlE,Flavoprotein monooxygenase,Other,A0A2S1JZI9,AWF83809.1
MITE0000186,N[C@@H](Cc1ccc(O)c(O)c1)C(=O)O>>O=C(O)C(=O)C=CC1=CN[C@H](C(=O)O)C1,HrmF,L-DOPA dioxygenase,Other,F8S6V7,AEH41784.1
MITE0000099,O=c1ccn([C@@H]2O[C@H](CO)[C@@H](O)[C@H]2O)c(=O)[nH]1>>O=c1[nH]cc([C@@H]2O[C@H](CO)[C@@H](O)[C@H]2O)c(=O)[nH]1,PumJ,Pseudouridine synthase,Other,A0A2R4FXX7,AVT42379.1
MITE0000165,CC1=CC(=O)C(C(=O)c2c(O)cccc2O)=C(CO)[C@@H]1O>>C[C@@H]1CC(=O)C(C(=O)c2c(O)cccc2O)=C(CO)C1=O,PhoN,Isomerase,Other,,UPG58743.1
MITE0000137,COc1ccc(/C=C2\NC(=O)[C@H](CCCNC(=N)N)NC2=O)cc1OCC[C@H](NC(=O)C[C@](O)(CC(=O)O)C(=O)O)C(=O)O>>COc1ccc(C=C2NC(=O)[C@H](CCCNC(=N)N)NC2=O)cc1OCC[C@H](NC(=O)C[C@](O)(CC(=O)N[C@@H](CC(=O)O)C(=O)O)C(=O)O)C(=O)O,AnkG,ATP-grasp protein,Other,A0A397HPF2,RHZ63466.1
MITE0000180,CC(C)(COP(=O)(O)O)[C@@H](O)C(=O)NCCC(=O)NCCSC(=O)[C@@H](N)CCCN=C(N)N>>CC(C)(COP(=O)(O)O)[C@@H](O)C(=O)NCCC(=O)NCCSC(=O)[C@H](CCCN=C(N)N)NC(=O)[C@@H](N)c1ccccc1,SLI_0884,Leucyl/Phenylalanil-tRNA-Protein transferase,Other,A0A7U9H9E4,EOY45603.1
MITE0000139,N=C(N)NCCC[C@@H]1NC(=O)/C(=C/c2ccc(O)c(O)c2)NC1=O>>N=C(N)NCCC[C@@H]1NC(=O)C(=Cc2ccc(O)c(OCC[C@H](N)C(=O)O)c2)NC1=O,AnkD,pyridoxal-phosphate dependent enzyme,Other,A0A397HQN2,RHZ63463.1
MITE0000059,CC1(C)CC2C=C(C(=O)O)[C@@H]3COC(=O)C4(CO4)[C@]23C1>>CC1=C[C@@]23C(C=C(C(=O)O)[C@@H]2COC(=O)C32CO2)[C@@H]1C,PntM,Cytochrome P450,Other,E3VWI3,ADO85571.1
MITE0000103,CC(C)(COP(=O)(O)OP(=O)(O)OC[C@H]1O[C@@H](n2cnc3c(N)ncnc32)[C@H](O)[C@@H]1OP(=O)(O)O)[C@@H](O)C(=O)NCCC(=O)NCCSSC(=O)C1=C(O)CC=CC=C1>>O=C(O)C1=C(O)CC=CC=C1,TrlF,decarboxylase hydrolase,Other,A0A2S1JZI6,AWF83810.1
MITE0000195,N[C@@H](CCCC[N+](=O)[O-])C(=O)O>>N[C@@H](C[C@@H]1C[C@H]1[N+](=O)[O-])C(=O)O,HrmJ,alpha-ketoglutarate-dependent dioxygenase,Other,F8S6W1,AEH41788.1
MITE0000184,CSCC[C@H](N)C(=O)N[C@@H](CCCNC(=N)N)C(=O)N[C@@H](Cc1ccc(O)cc1)C(=O)N[C@@H](CC(C)C)C(=O)N[C@@H](Cc1c[nH]cn1)C(=O)O>>CSCC[C@H](N)C(=O)N[C@@H](CCCNC(=N)N)C(=O)N[C@@H](Cc1ccc(O)c([N+](=O)[O-])c1)C(=O)N[C@@H](CC(C)C)C(=O)N[C@@H](Cc1c[nH]cn1)C(=O)O,RufO,Cytochrome p450 monooxygenase,Other,A0A224AU14,BBA20962.1
MITE0000110,CO[C@H]1C[C@H]2C=C[C@H]3[C@H]4O[C@]2(C(C)=C[C@@H](C)[C@@H]([C@H](C)O)OC1=O)[C@@H]3[C@@H](O)[C@@H](C)[C@H]4O>>CO[C@H]1C[C@H]2C=C[C@H]3[C@H]4O[C@]2(C(C)=C[C@@H](C)[C@@H]([C@H](C)O)OC1=O)[C@@H]3[C@@H](O)[C@@H](C)[C@H]4OC(=O)c1ccc[nH]1,NgnN4,Proline adenyltransferase,Other,A0A3S7PZH4,AXG22420.1
MITE0000168,Cc1cc(O)c(C)c2c1Oc1c(C)c(O)cc(C)c1C(=O)O2>>CC1=C2OC(=O)c3c(C)cc(O)c(C)c3O[C@@H]2[C@@](C)(O)[C@H](O)C1=O,ProsA,Cytochrome P450,Oxidation,,WPM83320.1
MITE0000066,O=C(O)c1[nH]c(C(=O)O)c(-c2c[nH]c3c(Cl)cccc23)c1-c1c[nH]c2c(Cl)cccc12>>O=C(O)c1[nH]c(C(=O)O)c2c1c1c3cccc(Cl)c3[nH]c1c1[nH]c3c(Cl)cccc3c12,RebP,Cytochrome P-450,Oxidation,Q8KIC8,AAN01211.1
MITE0000070,O=C(O)c1[nH]c(C(=O)O)c2c1c1c3cccc(Cl)c3[nH]c1c1[nH]c3c(Cl)cccc3c12>>O=C1NC(=O)c2c1c1c3cccc(Cl)c3[nH]c1c1[nH]c3c(Cl)cccc3c21,RebC,Putative FAD-monooxygenase,Oxidation,Q8KI25,AAN01210.1
MITE0000190,CC(=C\c1ccc([N+](=O)[O-])cc1)/C=C(\C)CCc1oc(O)c(C)c(=O)c1C>>CC(=Cc1ccc([N+](=O)[O-])cc1)C=C1COC(c2oc(O)c(C)c(=O)c2C)C1,AurH,Cytochrome P450 Monooxygenase,Oxidation,Q70KH6,CAE02604.1
MITE0000068,NC(Cc1c[nH]c2c(Cl)cccc12)C(=O)O>>O=C(O)C(=O)Cc1c[nH]c2c(Cl)cccc12,RebO,Flavin-dependent L-tryptophan oxidase,Oxidation,Q8KHS0,AAN01208.1
MITE0000088,C/C=C(C)/C=C(C)/C(O)=C(/C)C(=O)[S-]>>C/C=C(\C)C1OC1(C)C(O)=C(C)C(=O)[S-],TlmF,cytochrome P450,Oxidation,A0A0P0G6I4,ALJ49912.1
MITE0000091,CC(C)=CCC/C(C)=C\CCC1(C)C2CC3C(C2)C31C>>CC(C)=CCCC(C)(O)C(=O)CCC1(C)C2CC3C(C2)C31C,CYP71BN1,Cytochrome P450 monooxygenase,Oxidation,K4CI56,AGK82807.1
MITE0000064,CC1=CC2CC(C)(C)C[C@@]23[C@H](C)CC[C@@H]13>>C[C@@H]1CC[C@H]2C(C=O)=CC3CC(C)(C)C[C@]312,PtlI,Cytochrome P450,Oxidation,Q82IY3,BAC70710.1
MITE0000187,NCCCC[C@H](N)C(=O)O>>N[C@@H](CCCC[N+](=O)[O-])C(=O)O,HrmI,heme oxygenase-like dinuclear iron enzyme,Oxidation,F8S6W0,AEH41787.1
MITE0000057,C[C@@H]1C(=O)C[C@H]2C(C(=O)O)=CC3CC(C)(C)C[C@]312>>C[C@@H]1C(=O)OC[C@H]2C(C(=O)O)=CC3CC(C)(C)C[C@]312,PntE,Baeyer-Villiger monooxygenase,Oxidation,E3VWI7,ADO85575.1
MITE0000108,C=C/C(C)=C/C[C@H]1C(=C)CC[C@H]2C(C)(C)CCC[C@]12C>>C=C/C(C)=C/C[C@@H]1[C@@]2(C)CCCC(C)(C)[C@@H]2C[C@H](O)[C@@]12CO2,CldC,Cytochrome P450,Oxidation,A0A0H5B5M5,BAR97452.1
MITE0000065,C[C@@H]1C(=O)C[C@H]2C(C(=O)O)=CC3CC(C)(C)C[C@]312>>C[C@@H]1C(=O)OC[C@H]2C(C(=O)O)=CC3CC(C)(C)C[C@]312,PtlE,Baeyer-Villiger monooxygenase,Oxidation,Q82IY8,BAC70705.1
MITE0000060,CC1=CC2CC(C)(C)C[C@@]23[C@H](C)CC[C@@H]13>>C[C@@H]1CC[C@H]2C(C(=O)O)=CC3CC(C)(C)C[C@]312,PntI,Cytochrome P450,Oxidation,E3VWJ1,ADO85579.1
MITE0000097,O=c1[nH]cc([C@@H]2O[C@H](CO)[C@@H](O)[C@H]2O)c(=O)[nH]1>>O=C[C@H]1O[C@@H](c2c[nH]c(=O)[nH]c2=O)[C@H](O)[C@@H]1O,PumI,Oxidoreductase,Oxidation,A0A2R4FXY7,AVT42378.1
MITE0000151,C/C=C(\C)CCCCCCC/C=C\C=C\C=C/Cc1cc(O)cc(O)c1>>C/C=C(/CCCCCCC/C=C\C=C\C=C/Cc1cc(O)cc(O)c1)C(=O)O,PspC,Cytochrome P450 monooxygenase,Oxidation,P0DUK3,
MITE0000084,Oc1cc(O)c2c(O)cc(O)cc2c1>>O=C1C(O)=CC(=O)c2c(O)cc(O)cc21,NapB2,Monooxygenase,Oxidation,A7KGZ3,ABS50452.1
MITE0000067,O=C(O)C(=O)Cc1c[nH]c2c(Cl)cccc12>>O=C(O)c1[nH]c(C(=O)O)c(-c2c[nH]c3c(Cl)cccc23)c1-c1c[nH]c2c(Cl)cccc12,RebD,Dichlorochromopyrrolate synthase,Oxidation,Q8KHV6,AAN01209.1
MITE0000162,Cc1cc(O)c2c(c1)Cc1cc(O)cc(O)c1C2=O>>Cc1cc(O)c2c(c1)C(=O)c1cc(O)cc(O)c1C2=O,PhoG,Anthrone oxygenase,Oxidation,UPI00206D4B6A,UPG58736.1
MITE0000083,COc1cc(O)cc(CCCCCCCCCCCCC(C)C)c1O>>COc1cc(OCC=C(C)CCC=C(C)CCC=C(C)C)cc(CCCCCCCCCCCCC(C)C)c1O,AgqD,UbiA-like prenyltransferase,Prenylation,I0HIZ2,BAL92979.1
MITE0000169,Cc1cc(O)c(C)c2c1Oc1c(C)c(O)cc(C)c1C(=O)O2>>CC1=C2OC(=O)c3c(C)cc(O)c(C)c3O[C@@H]2[C@@](C)(O)[C@H](O)C1=O,ProsC,Short-chain dehydrogenase/reductase,Reduction,,WPM83322.1
MITE0000160,Cc1cc(O)c2c(O)c3c(c(O)c2c1)CC(O)=CC3=O>>Cc1cc(O)c2c(O)c3c(c(O)c2c1)C[C@H](O)CC3=O,PhoC,Short-chain dehydrogenases/reductase (SDR),Reduction,UPI00205CF1EC,UPG58732.1
MITE0000118,C=C1C=C([C@H](O)CCCCCCC)C(=O)O1>>CCCCCCC[C@@H](O)C1=CC(C)OC1=O,AcaR,NADPH-dependent oxidoreductase,Reduction,A0A5C4KWK7,TNB95040.1
MITE0000181,O=C(O)C(=O)Cc1ccccc1>>O=C(O)[C@@H](O)Cc1ccccc1,FrsC,specialized dehydrogenase for phenyllactate biosynthesis,Reduction,A0A7S9SW80,QPI18725.1
MITE0000017,CO[C@H](C(=O)[C@H](O)C(C)=O)[C@@H]1Cc2cc3cc(OC4CC(OC5CC(O)C(O)C(C)O5)C(O)C(C)O4)c(C)c(O)c3c(O)c2C(=O)[C@H]1OC1CC(OC2CC(OC3CC(C)(O)C(O)C(C)O3)C(O)C(C)O2)C(O)C(C)O1>>CO[C@H](C(=O)[C@H](O)[C@@H](C)O)[C@@H]1Cc2cc3cc(OC4CC(OC5CC(O)C(O)C(C)O5)C(O)C(C)O4)c(C)c(O)c3c(O)c2C(=O)[C@H]1OC1CC(OC2CC(OC3CC(C)(O)C(O)C(C)O3)C(O)C(C)O2)C(O)C(C)O1,MtmW,ketoreductase,Reduction,Q194Q1,CAK50787.1
MITE0000124,CC(=O)Cc1cc2cccc(O)c2c(O)c1C(=O)C[C@H](C)O>>C[C@H](O)CC(=O)c1c(C[C@@H](C)O)cc2cccc(O)c2c1O,JuiL,F420-dependent oxidoreductase,Reduction,A0A7G8Z072,QNL10607.1
MITE0000117,C=C1C=C(/C=C/c2ccc(O)cc2)C(=O)O1>>C[C@@H]1C=C(/C=C/c2ccc(O)cc2)C(=O)O1,StoR,NAD(P)H-dependent oxidoreductase,Reduction,,TMU76675.1
MITE0000164,C[C@@H]1CC(=O)C(C(=O)c2c(O)cccc2O)=C(CO)C1=O>>C[C@@H]1CC(O)=C2C(=O)c3c(O)cccc3O[C@]2(CO)[C@@H]1O,PhoP,Short-chain dehydrogenases/reductase,Reduction,UPI00205EBDF6,UPG58745.1
MITE0000157,Cc1cc(O)c(C(=O)c2c(O)cccc2O)c(C(=O)O)c1>>Cc1cc(O)c(C(=O)c2c(O)cccc2O)c(CO)c1,PhoL,Short-chain dehydrogenases/reductase,Reduction,UPI00205DA260,UPG58741.1
MITE0000182,NC(=O)OC[C@@H]1N=C(N)N2CCC(O)(O)[C@@]23NC(N)=N[C@@H]13>>NC1=N[C@H]2[C@H](COC(=O)NS(=O)(=O)O)N=C(N)N3CCC(O)(O)[C@]23N1,SxtN,N-sulfotransferase,Sulfonation,A0A3G2KSQ1,AYN62308.1
